x,y
0.2679660251238617,-4.54308871409611
0.2684519078077971,-4.532645399629855
0.2687616221097706,-4.52207449421502
0.2689047116719433,-4.513647091605198
0.26889503279350246,-4.503086930045893
0.2687130919016976,-4.492528587366643
0.2683132851529862,-4.481976265504054
0.2679341448584037,-4.474614949473152
0.26732194111290875,-4.465130765354748
0.2664828742735247,-4.45460420861707
0.26561131555058043,-4.445140407991286
0.2647942661021758,-4.436732120718212
0.26365564393864355,-4.426233727138369
0.262527770251954,-4.416796945264815
0.26132585544475784,-4.407390274184409
0.2599983859479102,-4.397979514773786
0.2585261634752447,-4.3875226386858674
0.25737191643663454,-4.379153959037916
0.25606783188246285,-4.369739548854202
0.25476758841993374,-4.3603460173852016
0.25335955430371754,-4.349880348733113
0.2519302072287675,-4.339417562402912
0.25060396329970785,-4.328941202160123
0.24961611078028823,-4.320529891553191
0.2484838173248719,-4.310052038003597
0.2477944706011504,-4.302671084520619
0.24714683979435645,-4.2953075815622395
0.2463488452095953,-4.285858379094659
0.24562104265140627,-4.277441804433275
0.24468940321041824,-4.266922960913798
0.24391896448178255,-4.258510320440017
0.24316604070359535,-4.25009569302535
0.2421748446164055,-4.239582308623571
0.2413182827180738,-4.230117067521039
0.2403138652185716,-4.219604927414687
0.23916692656971442,-4.209107472204248
0.23807441710144112,-4.199666552236739
0.2370073682318098,-4.1902226816393044
0.2360508460457492,-4.181829532490746
0.235176806572506,-4.173405635734289
0.23436980162697427,-4.166057683593964
0.23328375209056518,-4.156615962859775
0.232495179445419,-4.1492453855314615
0.23144690512854257,-4.139799379357955
0.23023800565247743,-4.12933012990399
0.22896527217635176,-4.118847141787861
0.2281020020170323,-4.111505779818295
0.22712646638606193,-4.103113920905545
0.22583566475517075,-4.092633096685486
0.22482556046228408,-4.084245775200743
0.2240243387193057,-4.076897838581181
0.22307976718874856,-4.067419917846432
0.22239885454149994,-4.060059755819368
0.22132657588952498,-4.049575642748477
0.22043320778368758,-4.041175257587739
0.2193565250817009,-4.030691569967253
0.21847295843193273,-4.0222899699501085
0.21735333057187442,-4.011789490785149
0.2164780009062877,-4.003387434413244
0.21545516263328154,-3.9939596012791747
0.21427037420332667,-3.9834662771817344
0.21315243835677963,-3.9740284190312023
0.21190827636659956,-3.963541962324067
0.21061562567063302,-3.9530614193516023
0.20944465755695302,-3.9436293497249983
0.20824868112363906,-3.9342010516711032
0.20724123382270387,-3.925792126277692
0.20619475951615693,-3.9163671359052885
0.2050589633080316,-3.906931365877076
0.20367303569802728,-3.8964627396347664
0.20260800003172386,-3.8891689974673787
0.20107784847934793,-3.8787204406035647
0.19972970358409722,-3.8693126104544997
0.19815000602016122,-3.8588714910343693
0.19699660585883008,-3.851591264815781
0.19566239785652517,-3.8432704638089223
0.1942561079056103,-3.8349189485752415
0.19280263184679466,-3.8265971828291794
0.19115501218058983,-3.8172582941819027
0.18993470890038255,-3.809967764541645
0.18855442235871467,-3.8016334006422445
0.18708772891491315,-3.7933137020932484
0.18524330782825035,-3.782915999229574
0.1839237767847413,-3.7756639537127947
0.1823940788450663,-3.7673556156184493
0.18040084012518795,-3.7569854561616887
0.17851830159992468,-3.7476699085202494
0.1772171529801505,-3.741447374561284
0.17562348056755617,-3.7342508387325597
0.17348934553186665,-3.7249896615039737
0.17112304413037185,-3.7146982460341476
0.1686876421007684,-3.7044230946615677
0.16666492572368352,-3.6962204934035197
0.16437566701649992,-3.68699636696185
0.1620490354096966,-3.6778030603585687
0.15965901606060445,-3.6686045155512343
0.15722128313908418,-3.659418536788448
0.15526426049015832,-3.652290403653083
0.15333037092499163,-3.645134028848342
0.1504672555354145,-3.6349913674456453
0.1477774265188905,-3.6258760954715776
0.14467058131425356,-3.615783548712057
0.1421092903408923,-3.6077332368826736
0.1391996064352874,-3.5986856817269555
0.13591988431600216,-3.58864788949607
0.1329521454195623,-3.579619142602789
0.12958876965057545,-3.56960911813739
0.12623705205828556,-3.5595951707596862
0.1232517989228049,-3.550550085524443
0.12094651389784221,-3.543548714671998
0.11806374283345022,-3.534492380798956
0.11494916805147296,-3.5244021424570096
0.1128749545699553,-3.517307176830224
0.10998617158958535,-3.5071499675416113
0.10752406756759222,-3.497970496161474
0.10494772060533217,-3.4877295738380005
0.10252700247967289,-3.477450814083291
0.10074975233408962,-3.469191803546776
0.09928386062843969,-3.4619251700221185
0.09740781349062899,-3.4515544863057595
0.09624009716480922,-3.444255391341513
0.0946984990444833,-3.4338084740352235
0.09345121896849957,-3.424407771841219
0.09260461021574569,-3.417064128175988
0.09156313790689158,-3.4065772310157985
0.09089242764500632,-3.398156150163447
0.09025714698655192,-3.3876152983992194
0.08994044971083195,-3.3791732321765995
0.08974011982125984,-3.3707276698807886
0.08958597070902406,-3.360168728554985
0.08959583315894193,-3.3496088316304764
0.08976111753765133,-3.340106358609987
0.09000362741200907,-3.3316617950031175
0.09039483137677248,-3.322186731041985
0.09092579059033144,-3.3116400896225024
0.09143715309741346,-3.3021499965114933
0.09216269437985271,-3.2916149600533147
0.09303501344749787,-3.2810911284595674
0.09381766649907324,-3.2727004873735432
0.09469471578738455,-3.263237483971927
0.09557797619077038,-3.2537743546899502
0.09660050242762731,-3.2443042664998187
0.09784976771195686,-3.23383969441094
0.09925150559611151,-3.2233731922297517
0.1005142296838589,-3.215020151664103
0.1022378364539912,-3.204601713819306
0.10397902333921538,-3.1952586186257848
0.10608555830308165,-3.1849107670186756
0.10836105627897274,-3.174598988434965
0.11056784000284264,-3.1653548108906726
0.11314545819840305,-3.155114250228479
0.11477756820319515,-3.1490136330763376
0.11728232875983433,-3.139845650967137
0.11987943447549854,-3.1307031014139626
0.12261498363847945,-3.1216013454817126
0.12578226203463186,-3.1115495974555034
0.12873528443976573,-3.102515428672515
0.1313841498061665,-3.094493486188651
0.1340648027160738,-3.0864821014799317
0.13756166959868132,-3.076517856527524
0.14075463937224203,-3.0675663220964786
0.14366538789384176,-3.059635648351502
0.1474605056637697,-3.049781219378633
0.1513414737549311,-3.0399602905790735
0.15448179447823404,-3.0321173982394845
0.15850856048101186,-3.022355263114469
0.1625135438580848,-3.012584246000884
0.1661423760992716,-3.0038003676502774
0.16940619269743154,-2.996008539072136
0.17262041446411028,-2.988173240330505
0.17587412097492483,-2.980444797757748
0.17996420137080973,-2.9707090695961704
0.1840514660722354,-2.960972173746353
0.18740647222031676,-2.953205989092325
0.19076600434227683,-2.945444157645357
0.19451289917314893,-2.936732493908137
0.19861689918099013,-2.9270027152832596
0.20267445883684373,-2.9172534346489853
0.20630546757827778,-2.908492947220257
0.2095465026616472,-2.900706418830361
0.21352483449417736,-2.890924500823995
0.21666801287799936,-2.8830759530379746
0.22050664265659037,-2.8732383467516587
0.22418112961679407,-2.863338334203639
0.22710342655076593,-2.855389719885477
0.23067468676956326,-2.8454724077696865
0.2337960625214818,-2.8365176528348357
0.2371657350356362,-2.826509727073609
0.24049544710778561,-2.8164885248848335
0.24365794462706217,-2.806413338008374
0.24616863542825235,-2.798325121330845
0.24930361385555996,-2.788263228630616
0.2520920760506836,-2.7791557721825253
0.2544979139205753,-2.771080059881746
0.25708638188247435,-2.7619353263116913
0.25960460993125983,-2.752771056429711
0.26229081188668346,-2.7425584454560465
0.2648451337505544,-2.732312053690776
0.26701389619011695,-2.7230588899199377
0.2693098727964884,-2.712751558219137
0.2715129112527945,-2.7024240133794546
0.273587110813872,-2.692069790809655
0.2755830482161524,-2.681700224094673
0.27711013051776373,-2.6733914847861064
0.27853466307557245,-2.6650645122937355
0.2797717185950454,-2.65777672316002
0.28147397830726856,-2.647354871006741
0.2827684951239022,-2.639006688183999
0.28435369908718744,-2.6285663679996594
0.2856076392405143,-2.620212015720606
0.2870047759743315,-2.609744907180694
0.28816904450386144,-2.600312531700576
0.2891459427084222,-2.591921742335602
0.2902167377735988,-2.5824570105492897
0.29114625609452144,-2.5740808440301346
0.2921633743533595,-2.5646314070617824
0.29325625178289355,-2.5541281273303995
0.2940997199744529,-2.5457224257255273
0.2951124995836676,-2.535211116908733
0.2960213165544073,-2.5246903351174192
0.296929493645816,-2.514169501038338
0.2975715637714895,-2.5057249632704557
0.29827136659394793,-2.495209394366518
0.298815813983348,-2.4867791259394556
0.2993855534147998,-2.4762345322973385
0.299943976869501,-2.4656893639587114
0.3003755797833183,-2.456195255968718
0.3007141183848504,-2.4477541971319505
0.30104106028997374,-2.4382767096163587
0.30127728911896995,-2.4298321581025073
0.3014877434024704,-2.419274238071386
0.3017051073467484,-2.4108500136511037
0.30188088833705246,-2.4013685641255886
0.30198242293227734,-2.392921327600882
0.3020923985115309,-2.3823618837465217
0.3020841225591743,-2.373934888708136
0.30200723511247496,-2.363375195533511
0.30185903632516226,-2.352816284728304
0.30170878523104117,-2.344348500066673
0.3014762074102558,-2.335924948740048
0.30122413992134467,-2.328537322499092
0.30089625199589254,-2.3201162195010085
0.30066056806295993,-2.314862882694954
0.3002316994886211,-2.3064471469844836
0.29974683295559573,-2.2979710783946796
0.29923323356586246,-2.290638893713193
0.2985484640619339,-2.282218811573952
0.29790344136516017,-2.2748550389620923
0.2665427903310409,-4.541950390331669
0.2649462069967221,-4.53257568447921
0.2632564851120817,-4.5221511666004295
0.2616656387207303,-4.511733267130535
0.260484563163734,-4.503368459574712
0.25930059954541546,-4.493917199370839
0.25825638674169554,-4.48447078429405
0.2571602687332103,-4.473989056571188
0.25623875910028915,-4.464529865524553
0.25551362662944843,-4.457194565427967
0.25467704593096696,-4.447727168582619
0.25387922368965665,-4.437197358466702
0.2530849123377794,-4.426667307816002
0.2523383825601303,-4.41613378608881
0.25170127230550227,-4.406630163564056
0.2510314457515596,-4.397171086358124
0.25026411396341447,-4.3866390288461785
0.24956283092455878,-4.377161003683422
0.24897759110394144,-4.368775952171253
0.24827357759494448,-4.358239485350265
0.24765459683630386,-4.348755740780193
0.247024376919695,-4.339272559427479
0.24651283467105478,-4.330840177339092
0.24613511670163837,-4.322400528107096
0.2458085954846481,-4.3129021856940115
0.24557834340529533,-4.304436182236147
0.24538535861941424,-4.296011682491492
0.24510994417741275,-4.286511679613314
0.24482551648942663,-4.27811096557085
0.24445364077403398,-4.268614235477032
0.24412108218929113,-4.258059480992781
0.24380305649494471,-4.249617529678781
0.24340542473573956,-4.239065027794086
0.24308149103624502,-4.228510067784575
0.24273667687738262,-4.219012392164958
0.24219620041930642,-4.2084662735751435
0.2416580850341419,-4.1989984754165555
0.24106307608360106,-4.189513170425623
0.24055263694197412,-4.181080638273148
0.23992614596397846,-4.170539271846204
0.23935074190133074,-4.162111017411954
0.23867461021456698,-4.152630962179481
0.23802977184546767,-4.143148863562604
0.23752140646088687,-4.133637278241949
0.2370865718665857,-4.124164459781345
0.23675862051668645,-4.116779833299958
0.23640252774888892,-4.108360214879395
0.23598650593208859,-4.098865319138766
0.23562460983385042,-4.089368140328349
0.23534753544730455,-4.0809456443976675
0.23508761040157142,-4.071445333837421
0.23486630506080364,-4.061922954221469
0.23466637704475668,-4.054554579933582
0.23435043513196765,-4.043999348523311
0.2341161883188464,-4.03449829604952
0.23384442351902587,-4.02394183156945
0.23368498249519268,-4.015495527490425
0.2336382153850378,-4.0092224261856435
0.23362984475046567,-4.002907555472934
0.23368405084653143,-3.9976278516838515
0.23383004342583563,-3.98920163145814
0.23401449894215748,-3.9818542147784393
0.23422606686650732,-3.9744862490040034
0.23459947050341642,-3.9649895960169452
0.23487608037574548,-3.9586388559082017
0.23536465315517402,-3.9491474026221964
0.235836897513185,-3.9407126761680655
0.23623638886115572,-3.9333524042909183
0.23670123739502202,-3.9238386123145275
0.23710947891321765,-3.9164791580528098
0.23753600460339833,-3.9080419752268742
0.23795474050774626,-3.9006617655944007
0.2384263221377325,-3.892205788782836
0.23905954001781243,-3.882744032161192
0.239762906261916,-3.873287046396916
0.24036840886702807,-3.864860880416923
0.24091966197436027,-3.8574894605698957
0.24162013397695292,-3.848011284217759
0.24221701553822983,-3.839605401948068
0.24296710781129266,-3.8301309112387605
0.24373508174246453,-3.8217179270214396
0.24455403865947986,-3.8133307053371497
0.24525563091077252,-3.807012769055237
0.24612978520903628,-3.7996518514555495
0.24677044076295848,-3.7944321777648775
0.2479490230140865,-3.784980232217672
0.24875582722133605,-3.7786958725652138
0.2497259328312603,-3.771410007605155
0.2511829501879715,-3.7609509373582353
0.2525571831544907,-3.751546891872967
0.2541215920610956,-3.741103504730794
0.25547753680545143,-3.731675479861777
0.25664436809354924,-3.7233087718134303
0.25765391237910623,-3.715986347832086
0.25852759000168873,-3.7097110069181594
0.25981897214546473,-3.700295115668555
0.26076615442843665,-3.6929637558943655
0.2618830784481221,-3.683525712584501
0.262863786860079,-3.675155675649318
0.26389124277771153,-3.6657074458610164
0.26488398675091535,-3.6562557690297077
0.26583197631722594,-3.646799267567725
0.2665275112718218,-3.6394398119130607
0.26731538604400024,-3.629989874252147
0.2677307017718374,-3.623667502585039
0.268155988231008,-3.61628766131469
0.26838980499252874,-3.6110334563073154
0.2686863760322547,-3.6015762728422844
0.2688477360623294,-3.5941858289070816
0.2688966472167003,-3.5847241552371303
0.26881840798214224,-3.5752205033331688
0.26858685859240783,-3.564663132107253
0.2683239128724878,-3.5572549334094457
0.26786288936067437,-3.547762135859352
0.2673655661908654,-3.5393077998195537
0.2666634974217687,-3.5287922958931026
0.2661198787556305,-3.52139923555318
0.2653711340071406,-3.51194601139455
0.26440578977870594,-3.5014303080245845
0.26343234187066855,-3.4919764182711295
0.26242276247590884,-3.4835889875713653
0.2610957513858707,-3.4741781227636266
0.2596315836337631,-3.4647876163857965
0.2579120311985573,-3.4543685334273433
0.25640272744245174,-3.4449852350563135
0.25505943611669113,-3.436665871865803
0.25390641539486325,-3.4293854941048316
0.252440359512575,-3.4199953332910797
0.25093960817143623,-3.410610598880994
0.24924072771619618,-3.4001881534906153
0.2475877189875319,-3.389758378230445
0.2464836229087466,-3.3824705296569295
0.24521421999618115,-3.3740970926145155
0.24369416975039215,-3.363668417105836
0.2423629249063377,-3.354258186189979
0.24101986488050245,-3.3448496011400515
0.2395500610984607,-3.3343923820739683
0.23812213346289116,-3.3239293953147464
0.23685530123004772,-3.3145319651811787
0.23558980377610564,-3.305113050983297
0.23423787476072727,-3.2957057409696677
0.23279580936768365,-3.28524471046053
0.23146372580481187,-3.2747690945166377
0.23016877208154024,-3.264288971012168
0.22924646806734258,-3.2558911173847926
0.22843488130773612,-3.2474821788220205
0.22743501118507523,-3.2369696088972955
0.22660780877405434,-3.2274806730604526
0.22588233898202545,-3.21802573285177
0.2251861091996752,-3.2085689303428833
0.22456067711652278,-3.1990857629340725
0.2240989780278598,-3.1895930520174356
0.2237515629819753,-3.1800954110397517
0.2234623032164318,-3.169539409159161
0.22326339967962563,-3.1589813347809894
0.22320993791297006,-3.149498452683591
0.22322833490707186,-3.1389385080047987
0.22327825413224786,-3.1294347325918106
0.2232966096807094,-3.118874786890815
0.2233789065528841,-3.110406034349155
0.22364742651733585,-3.0998704392780603
0.22393117123581488,-3.091427139639201
0.22440838572264343,-3.081956428516619
0.2249424004849655,-3.074605434161021
0.22570802261597117,-3.066192288604019
0.2267577298381964,-3.0556845537396624
0.22794498285970927,-3.045213136236403
0.22922803115454526,-3.034731488092276
0.230473682323457,-3.025309488220788
0.23157546606871068,-3.018000128719614
0.23314509303215974,-3.008626619406813
0.23477434456304275,-2.999263382593775
0.23645708415038447,-2.9899093413459474
0.23806716906474662,-2.98054275081826
0.23935657945394864,-2.973242662539571
0.24092495679576537,-2.9649629972568943
0.24265085592491473,-2.95563820147706
0.2446374967724118,-2.9452667827411037
0.24643737865496748,-2.935934799753702
0.2484669312032415,-2.925571715369367
0.25031760281536936,-2.9162497117808837
0.25212302409200427,-2.9069187379940433
0.25412916693890214,-2.8965511586931747
0.2559982690310316,-2.8861579529822916
0.25754432496580754,-2.876780679463351
0.2586428273230549,-2.8694708656536774
0.2600423940252598,-2.8600704554855008
0.26130799686351985,-2.850651458244225
0.2624449931103266,-2.8411949462457793
0.2634841955286727,-2.8317688186724657
0.26440876009717784,-2.8223096319507026
0.2651814427866284,-2.8138968381750864
0.2656960331237287,-2.8075813182897664
0.2664663552714979,-2.7970705632613977
0.2671106373938419,-2.787588424518616
0.26776281127213913,-2.777048604290155
0.2683303877110202,-2.7675824706878407
0.26886092751505786,-2.7580932645885943
0.26927803684722235,-2.7485985259279824
0.26960673744932484,-2.739100262238213
0.2698640776762641,-2.7317129165449563
0.27029013182860084,-2.722218391595347
0.27083409928382207,-2.7116724710910027
0.2712042056484556,-2.701119038762591
0.27137200787886884,-2.6937287127014065
0.2715741926090905,-2.683191883453639
0.2716836102127899,-2.6747237352904634
0.27171441081971437,-2.6652198090708734
0.27163995190274487,-2.6557161382189247
0.2715308284049905,-2.647247654291942
0.2713522765723692,-2.6377665960053607
0.2709824335445338,-2.62721302717738
0.27058217280219754,-2.6177174975923267
0.2702911429941747,-2.611388326127195
0.26978383817308943,-2.6018978259830914
0.2692257123629716,-2.592410222930329
0.2685902066083421,-2.5829062875677686
0.2679988249663982,-2.574478934879879
0.2673412919321827,-2.566077879255102
0.26645602736510426,-2.555555003253959
0.2655326629173589,-2.546095973212151
0.26439895457627,-2.5355970589786607
0.26323482350250643,-2.5261647405936594
0.2621875047052293,-2.5177814092493995
0.2610788258412641,-2.509406558484612
0.25963480332077055,-2.4989457770527608
0.258217476582032,-2.4895481437723825
0.2570354376779981,-2.4822510310925088
0.25542194868540835,-2.472906488069315
0.2539316653375558,-2.464590971853025
0.25217990448449235,-2.455249815136061
0.2503558054370459,-2.4459225175415122
0.24857031555778158,-2.4365877131575084
0.2469371115165404,-2.4282992616182426
0.2454719201744484,-2.4210974475443936
0.2437918680387632,-2.4128182586482
0.24179079134295267,-2.4035273642537467
0.23985625252841125,-2.3953037850961003
0.23786010112210304,-2.3870944683504525
0.2355066195752973,-2.3778861612664017
0.23320236404924768,-2.3686657144425913
0.23067388240898046,-2.3584129274188355
0.22859747503577646,-2.3502241606919188
0.22649844886278697,-2.342062571324568
0.22439750305238604,-2.333880126082742
0.22225115321316566,-2.3257093109478517
0.21978155123008739,-2.316531810357302
0.21810262312703105,-2.3104223890885733
0.2161622020932461,-2.3032896346008527
0.21398803528191562,-2.2951477793438277
0.2674921062442915,-4.548850456249976
0.2660268592067362,-4.540507382870117
0.26449139819689543,-4.531127992667368
0.2630947054751157,-4.52172734077482
0.2618304193672613,-4.512307783177101
0.2605519158131112,-4.501825470437472
0.2594274926500928,-4.491325565522444
0.2584700424355172,-4.480809135147417
0.2577064125768043,-4.47133605697427
0.2570805757716217,-4.462932299155734
0.2563003640796847,-4.452401192297275
0.2556377261263938,-4.443979291625047
0.2548055273956172,-4.433452097421301
0.25403366326151205,-4.422920357477773
0.25322439039937833,-4.4123914799977335
0.25263229676457033,-4.4050234788734866
0.251777862905957,-4.3944981062509205
0.2508645165198324,-4.383977724644127
0.24992970022105512,-4.3734592227935405
0.2490456557420438,-4.363996492666484
0.24818005651086666,-4.354531989098927
0.24731924577819536,-4.345066908657636
0.24638798180561514,-4.334590979084882
0.2456466763413213,-4.326154692198351
0.24470002874640023,-4.315658468441056
0.24399066027220848,-4.307240317541556
0.24314892111903466,-4.297752521590331
0.2424285722468848,-4.289356664169662
0.24143343966182132,-4.278843564496376
0.24063042787877714,-4.270412661397401
0.2398381752968007,-4.26308459428656
0.23880831177831532,-4.253636420324524
0.23764351901826253,-4.243162492495259
0.23652080558108854,-4.23266239378145
0.2356262237772586,-4.223200572146668
0.23484778620793745,-4.214767705646804
0.23400436158977647,-4.205322792678389
0.2332326464819076,-4.195828945479647
0.23229525799252426,-4.185331792933553
0.2314172681827418,-4.174808451917495
0.23058419134503264,-4.1653411043031845
0.22976116188888832,-4.156933078029879
0.22881045285213475,-4.146415948512299
0.22803698074247616,-4.138003481307569
0.22705033242007822,-4.127489696626614
0.22605978884570568,-4.116976291760624
0.2254063740997226,-4.109634016542669
0.22453836684780032,-4.09910972039603
0.22373217478439036,-4.08858062124257
0.22289579590035208,-4.078053802510779
0.2222773353458852,-4.069649601756515
0.22170979868357096,-4.061199378834125
0.22121725269007853,-4.0527869706565545
0.22073109670208774,-4.043295242726322
0.2203864582152658,-4.035890181336193
0.2200451013353498,-4.027512117138581
0.2197867209007416,-4.021181530966781
0.21960373954446355,-4.0148268284051705
0.2194072940200557,-4.005325144645115
0.2192083820042029,-3.995823378215115
0.2190280634675741,-3.9884545460966083
0.21873280336224124,-3.9789552171735085
0.2185348896813406,-3.971565985253655
0.21821627715916564,-3.962046296945413
0.21796164670156032,-3.9546588980911475
0.21771236843509484,-3.947249914832494
0.21739385314047,-3.937793251417119
0.21720238639975525,-3.932495654801973
0.21693486350852542,-3.924073121240807
0.21652504572235473,-3.9145989505844025
0.2163327107825688,-3.9103374264700212
0.21604363752882155,-3.9029932311572813
0.21564704280150623,-3.894575482510546
0.21520369547504553,-3.886181058033724
0.21463811806358138,-3.8756361702097064
0.21438133215679814,-3.869305123426755
0.21404499567850974,-3.861921073013303
0.21359520577465838,-3.8534851031875923
0.21310748164124152,-3.845072065590859
0.2126274820370993,-3.8377167126355936
0.21221195017692954,-3.8324741181685376
0.21136343817846007,-3.823008015823314
0.21072884673817233,-3.815664318698913
0.20999250452718737,-3.8083301329094126
0.20922048738871155,-3.801000021632178
0.20817661955491334,-3.7915535152173487
0.2072394500645679,-3.7831783149403493
0.20650345793695066,-3.7768854465731754
0.20542925801888162,-3.767463282241156
0.2042896506496304,-3.7569649390101034
0.20345126209926656,-3.748558466344588
0.2028749428251033,-3.742248547673115
0.20208321635791138,-3.7327774779349907
0.20142945721191957,-3.7253932612785152
0.20063241940894744,-3.7159438301154717
0.20006353983299593,-3.7085739916320635
0.19929534269948523,-3.6991009028259296
0.1984427954850406,-3.688575394313066
0.19782238367879948,-3.68123048335446
0.19743258847701634,-3.6759649334922053
0.1965745787725277,-3.665439871278263
0.19580744307635983,-3.6559668909242706
0.19524589905272385,-3.6475585916594158
0.19472852785243647,-3.6370111512056864
0.19446290468070646,-3.6307016167192656
0.19408277332092375,-3.6212261603300107
0.19386335929379978,-3.61280194847684
0.19377617135173653,-3.6064670264811656
0.19379401607932817,-3.596962941619588
0.19395788983910425,-3.587460209798979
0.1941694474303619,-3.5790150555889437
0.19453858545227637,-3.5695181710836814
0.19501369634971347,-3.5600261645831783
0.19560279441102668,-3.5505404664997413
0.19627227800554264,-3.542140013498869
0.19705841999235643,-3.5337499850747096
0.19802192878039546,-3.5243159232404095
0.19902316107905882,-3.514864881183917
0.19981950411468674,-3.50751607589432
0.20090847131208583,-3.4970123037646643
0.20187939341101302,-3.486497020106704
0.2027357448135764,-3.4759718372096375
0.20342209616824933,-3.4664927314482004
0.20410341798123963,-3.455954717114772
0.20465918109128534,-3.4464670781014406
0.20509505703846784,-3.4380303246500246
0.20559025651628224,-3.427481918307147
0.20609578808058288,-3.4169340389420517
0.20659400927373184,-3.4063858590081124
0.20707443616941695,-3.3958368247544004
0.2073937493814569,-3.387415910916127
0.20776582166846605,-3.3789762486547237
0.2079742786761176,-3.3726224877160105
0.20828950268156662,-3.364180559706774
0.20866929129851958,-3.3546842014309264
0.2090802957535336,-3.3451892038984066
0.20943747796990306,-3.335691932126277
0.20968257892923356,-3.3272475571131475
0.20980909146449037,-3.3198566472968243
0.20998506695451064,-3.3114104105216886
0.21019934524910186,-3.30296524064432
0.21054118265716418,-3.293467354874405
0.2109602971968913,-3.285029796199501
0.21134128573194164,-3.2755334498613475
0.21177989098406458,-3.2660184320132872
0.21227192571187462,-3.255491090775005
0.2127948906677322,-3.2470593126764595
0.21334820687086634,-3.2386082216242187
0.21398970405813422,-3.2291471508480942
0.21439672451511005,-3.2207090002604013
0.21482392421445795,-3.210157617914394
0.21519196278115962,-3.201717705737777
0.21562285357712632,-3.1911665053540927
0.21613195473090963,-3.180618773170435
0.21668303778788123,-3.170073212991887
0.21718254315712587,-3.1616400900491386
0.21785446869636385,-3.152159730519341
0.21869550946679395,-3.142693126424594
0.2197228202931622,-3.13218329205174
0.22074790563375085,-3.122713933580433
0.22184792895844527,-3.113316216728561
0.2230439450653523,-3.103887594570936
0.22434330829997567,-3.094494248636644
0.2256504659167076,-3.08505932938655
0.22702349900968988,-3.075676405555911
0.22843645141015556,-3.066278042428814
0.22986643919330788,-3.0568823474285387
0.2314695455599225,-3.0475145394950904
0.23313160138534497,-3.0381781723029104
0.2346632173783831,-3.0298488655740385
0.23663303918432696,-3.0194956334040897
0.23860714248379303,-3.0091218207470063
0.24040809462660426,-2.9997900439290546
0.24231950710296873,-2.9904589592454034
0.24458384013543052,-2.9801445610354342
0.246465843120297,-2.9718873218725963
0.24880703786703795,-2.961611830661617
0.25089376654816,-2.9523398237269602
0.25292513341014977,-2.9430555296270957
0.25441113471874355,-2.9357930046736547
0.25629055455206456,-2.9264982074067
0.2581680681464418,-2.917181547923961
0.25978958335460334,-2.9088694816132437
0.2615710658936596,-2.8995339728625766
0.2631554290879334,-2.891235902134553
0.26487906244874254,-2.881910718949095
0.2668211511154951,-2.8715309051963303
0.26856081495438233,-2.8622087328198105
0.2700291433350675,-2.8538894600367737
0.2715035052725491,-2.845571159808562
0.27298725521985356,-2.8361836870882318
0.27403715057627526,-2.82886661953136
0.2754474608716268,-2.818401314187261
0.27675902035050903,-2.8079231044073767
0.2779055673774796,-2.798488589319192
0.27893479992613524,-2.790103604240075
0.2799241342218573,-2.7817137619959995
0.2808741242524321,-2.7733193526820683
0.28185265319555575,-2.763865878692523
0.28266316020190757,-2.75543571353232
0.2834881471001623,-2.745988898830876
0.28423186698184105,-2.7365140916036643
0.28487494930512275,-2.728090697346697
0.28543947017712934,-2.7196615854726893
0.2861126565452135,-2.709123102443002
0.28669089002825004,-2.69857898016761
0.2871132198216075,-2.6890844902150453
0.28750086812238457,-2.679567241511858
0.2878531056405954,-2.670091038405237
0.2880906385295088,-2.6605900598900973
0.2883035404187712,-2.650032255192374
0.28841906873463485,-2.639472914885703
0.2884795105745227,-2.628913193406943
0.28853783291890517,-2.619409419217334
0.2884532657037003,-2.6109619124339476
0.2882002175315504,-2.6014400857906756
0.28774283043708715,-2.590911203257628
0.2872486565152154,-2.581420307664729
0.2866768938991892,-2.5719335472035727
0.2858974224330343,-2.561402403805622
0.28508698196847587,-2.55087364579849
0.2843876216929347,-2.5424545676690364
0.28362560424760935,-2.5340407842329244
0.2827441588589599,-2.525638980034138
0.2817269321953959,-2.5161895764522706
0.28080847658467684,-2.5077709265379537
0.2796177327164087,-2.498341884601065
0.2784163119613022,-2.4889569274356336
0.2770197766078639,-2.4784898339045
0.27563754947485336,-2.469086708131951
0.27413749925389275,-2.4597229823097027
0.2726185565024001,-2.450341242724647
0.2713995247590064,-2.4430505604478863
0.26957329762485277,-2.4326496109269224
0.26791097914341594,-2.4232922162522437
0.2662871188528661,-2.4139280688882825
0.2647422032039431,-2.4045505082536005
0.26319044293271543,-2.3951740909092933
0.2621152565292755,-2.3889300658959076
0.260991514514455,-2.3826945719680817
0.25920263930661464,-2.372287117441215
0.2574703257488697,-2.362942384289252
0.2554921963313196,-2.3525693172409268
0.25354188729397265,-2.3421909918560733
0.25151751109358306,-2.331826908969716
0.2501000868958861,-2.32459340536217
0.24848535929215224,-2.316322333300031
0.24660254277357338,-2.3070068558394405
0.24470473918486574,-2.297694307338887
0.24274032833950354,-2.2884168211762486
0.2661035001907246,-4.544621572832326
0.2633442800367499,-4.5344263352227046
0.26078854367706183,-4.524180077376126
0.25833579149492775,-4.513908959519896
0.2561038681941186,-4.503587578521851
0.25405453628435687,-4.493228344744655
0.2525330716932404,-4.484918526188833
0.25081353151583474,-4.474499457473689
0.24920468710855986,-4.4640627170088685
0.24800435525837322,-4.455679355211372
0.24675010271732814,-4.446258569474963
0.24545858521881467,-4.435777866938011
0.2442850291083343,-4.425283329482246
0.24327104528178584,-4.415833634326974
0.2422065986638494,-4.4053274217309
0.24125327359059642,-4.394810592107995
0.24073053473812936,-4.388496189807562
0.23989851189204717,-4.377968953407468
0.2393292780954547,-4.370598836978241
0.2385443361738817,-4.361127286201923
0.23765018999031545,-4.350605236746411
0.23703374169507863,-4.3432179128377015
0.23638849287134286,-4.334794568746812
0.23575707507631252,-4.327471782272144
0.23486382115024537,-4.316971115378074
0.23399770908683803,-4.30644682708831
0.2333230518350062,-4.298004898994517
0.23267195078023006,-4.28960311345836
0.2319935084398641,-4.281182466983212
0.23109241944353381,-4.271742749028475
0.23016494539612312,-4.262326583129551
0.22925132672357032,-4.252866984333364
0.22835653150722068,-4.244445295779321
0.22742706019687814,-4.2349870812006305
0.22663078475228163,-4.225516486216332
0.22584737193148494,-4.216044905399843
0.22501931110326465,-4.20659803807495
0.22417952629278412,-4.197131290681859
0.2234200524334511,-4.188717796490679
0.22273149043561194,-4.180339833230763
0.22192209709095545,-4.170870493055951
0.22102730159548015,-4.161429695024451
0.22004272223253377,-4.150980072448063
0.21915613943845869,-4.141517741342793
0.21843648703010213,-4.134160988941091
0.21732455279244303,-4.123680590239608
0.21644946854104385,-4.115278189092989
0.21549533207759927,-4.105801269627101
0.21448558300135556,-4.095310947126771
0.21361727255018606,-4.086907487892518
0.21274756095049188,-4.078483174694994
0.2118395617167671,-4.069043904134673
0.2109562298817209,-4.059581392582667
0.21028127086113435,-4.052199578941407
0.20948567336944426,-4.0427502498498775
0.20909302897140722,-4.037505911404757
0.20846299267314342,-4.028001648005543
0.20787358115659577,-4.018516088600732
0.20738375592516978,-4.01008244128746
0.20698970220530188,-4.001664766111076
0.20669506953075403,-3.9932218400807984
0.2064349319350548,-3.984756627111468
0.20607224442088726,-3.9753022569925283
0.20585116663275643,-3.9658009171422006
0.20555950080167662,-3.9552449803107455
0.20537179867433358,-3.947855498577341
0.20521509078647154,-3.939429936889265
0.20515537861680544,-3.9299051496793527
0.20503086825052044,-3.9204019990325722
0.20491255389143934,-3.912989847618793
0.20462838867579777,-3.902454816640933
0.20437733241844486,-3.8929751182173082
0.20422560472173804,-3.8855847119240017
0.20403961063984286,-3.8781951708156543
0.20375175835131473,-3.86973095818688
0.20346708127202123,-3.8623445202200566
0.20305815847705094,-3.8518135955232946
0.20264559011159933,-3.8433966720333297
0.20198404878641804,-3.832878828985447
0.20154468373623521,-3.8265580586952077
0.20087963345422388,-3.818157611819747
0.20014945720935307,-3.809741212293585
0.19936773671567704,-3.801350522362568
0.1987265625794329,-3.7950044780889387
0.19807488911870114,-3.788723098594078
0.19712401215829103,-3.7803287791604228
0.1961479113639486,-3.7708963212523194
0.19530016217823776,-3.762490618406767
0.19422742476984736,-3.751985262902852
0.1933734047446296,-3.743580661496747
0.19256770936091305,-3.7351502957791083
0.191914614634242,-3.727786939084382
0.19140166439211886,-3.721492821941188
0.19067784226981485,-3.7120163011707636
0.19012189095315066,-3.704624284793917
0.18970155635935143,-3.698344219224699
0.1892108019240655,-3.690947161205158
0.18880686755800188,-3.684645370302542
0.18817484765968087,-3.6741042392349144
0.18783489406381557,-3.667756421514804
0.1873795017699032,-3.659342576548222
0.18713263691015,-3.6540684482498107
0.18686176981302613,-3.6466811502862027
0.18653459276103748,-3.6361473476028787
0.18623298073420264,-3.626648118908818
0.18598950699931666,-3.6171682243328087
0.18591996389813592,-3.6097766887831195
0.18594801580488515,-3.6013287450436953
0.18603610184689526,-3.5939582249208
0.1862148222912884,-3.5855330496051323
0.1864284607355732,-3.576052344956156
0.18667615861715317,-3.56760808702163
0.18702695433630137,-3.558110560392876
0.18758557821094357,-3.5475653218926793
0.1881252147067568,-3.539155534842404
0.18878478418761785,-3.53075419225473
0.1896131521717193,-3.5212864357610325
0.1905435087362629,-3.5118280873946444
0.19152002434616766,-3.502374459745965
0.19223053177851807,-3.4950167576466935
0.19318121160804508,-3.4844996096667615
0.19399518221301906,-3.473971058001168
0.19464362506300298,-3.465548070502239
0.19528918920657765,-3.4571248053756523
0.19591520122000933,-3.4487000505503826
0.19664691538015075,-3.4392242813128666
0.19736940750662732,-3.4297480466306847
0.19787732876552203,-3.4223525070078185
0.19844468280367583,-3.4139448033920865
0.19907560945551697,-3.404461858455766
0.19972724310671136,-3.394980306148958
0.2003335996871836,-3.3854957713323324
0.20082024661816314,-3.376004391258266
0.201249621052847,-3.366531046127798
0.201588647380939,-3.35808991363993
0.20211293297906494,-3.3475428835290804
0.20260033458258758,-3.3390877479254275
0.2031513427327184,-3.3296210148404044
0.20373350488455286,-3.3201347976693083
0.2041821740261259,-3.312777469546408
0.2048227456918585,-3.3032951494841853
0.20552914228369418,-3.293817436832882
0.20621937641929278,-3.2854184872172896
0.20686628241172203,-3.2780337024350343
0.20778688315373775,-3.2685953779543055
0.20879386501556926,-3.259144905047875
0.20985877941804654,-3.2486386732509587
0.21069891172996041,-3.2402326419759953
0.2115814542533683,-3.231831248753427
0.2126028919689019,-3.2223827150485675
0.21376131826707107,-3.2118865274524575
0.21484375462707944,-3.2024440037773694
0.21595119389734363,-3.193004801343625
0.21717703565674276,-3.1825162022216062
0.21822040308397098,-3.1730697011055984
0.21900334136057156,-3.165740368897562
0.2200184309203786,-3.1562908290525584
0.22108516553391452,-3.146846909787944
0.22214081156684023,-3.1373804923428064
0.22319728585503806,-3.1290411881108677
0.22402436870378112,-3.1227594630667084
0.2250114325212081,-3.1154336366297053
0.226161647483151,-3.107064377419433
0.22729822883104803,-3.0986925349782903
0.2284735691605822,-3.0903267555252145
0.22976904532192954,-3.0809114336991543
0.23112632727187937,-3.071483615645984
0.23274173997626857,-3.0610692249794935
0.23429862716293332,-3.051693312454578
0.23550697373764717,-3.0444223132441697
0.2373568553258628,-3.0340255630499176
0.23886432282161849,-3.02571322317269
0.24043797323420646,-3.0174342990323706
0.2423399206656093,-3.0070470153283355
0.24420517001543618,-2.9966530839698997
0.2457399366327975,-2.9883457285936683
0.24762865673446371,-2.9779778502128558
0.24945440726339427,-2.9675769322662098
0.251126316154874,-2.9582212441706974
0.25273201384272714,-2.9488539347042235
0.254505419885973,-2.938443916081189
0.2560714661432493,-2.929048493888593
0.25748653512427155,-2.9207413380061222
0.2590570196117498,-2.911346609212252
0.2606246846296529,-2.9009249660695495
0.2618127381651104,-2.8925610286710692
0.26312538797363105,-2.8831481401768126
0.2643406721258519,-2.87370092544272
0.2654664491952699,-2.8642851889000522
0.2665355465722719,-2.8548415506025155
0.26757101804945,-2.8453945957565216
0.2685445834556652,-2.8359405495857737
0.26954921928606396,-2.8254285137205315
0.2704664684023851,-2.8149084842773284
0.2712891175585742,-2.805439963427224
0.2721147851942608,-2.7949123522410364
0.2726771866311296,-2.7864831443002545
0.2731762179057453,-2.7769921632868444
0.2736272319187336,-2.7685562892863302
0.27398791910039266,-2.7600947728880407
0.27441180873346094,-2.7506214138074916
0.2748602182624088,-2.741128102971835
0.2752769145214415,-2.730576348529654
0.2756579375652279,-2.7200232853763966
0.2758796114761838,-2.7105428262897204
0.2759599762529582,-2.703151257798799
0.2761182239594216,-2.6936485664019796
0.27624455278031534,-2.684145461443548
0.2763181790754481,-2.6746417678798853
0.2763078133076681,-2.6672707473934425
0.2762340820949461,-2.6577670597485707
0.2760757303356639,-2.6493206499406328
0.2757742171132436,-2.6387649445273738
0.27540966272023704,-2.6282112788798426
0.2750264762663146,-2.6187150806884234
0.27448222553573426,-2.60816910113182
0.2738604064830076,-2.5976274718444725
0.2731058880850531,-2.5870945670175876
0.27233071142806337,-2.5765631574233097
0.27167532722919024,-2.5671033699940455
0.2708561097238498,-2.5576560640881025
0.2698346455239806,-2.5471456018556426
0.2688601490708375,-2.537691834639492
0.2679979958610157,-2.5303503014374438
0.2668499290708248,-2.5208946134823242
0.2656514971739312,-2.511466507474276
0.2643584503714499,-2.5020723114668977
0.26271844455370275,-2.4916404834744106
0.26127740468730737,-2.4833164321755627
0.2595370734732343,-2.4739731162272576
0.2577475639429016,-2.464639147364083
0.2558836489422051,-2.455319654229405
0.2541776986821124,-2.447045814324757
0.2522642962768133,-2.437736481216352
0.2500410137415983,-2.427413203568864
0.2479190717374996,-2.4181491520161487
0.2457419335761871,-2.408897956266799
0.24346492931105332,-2.3996707652672704
0.24159048745117934,-2.3925203206678716
0.23907946617526585,-2.383354025574213
0.2371612973456787,-2.376215253766208
0.2346525648730634,-2.3670483410271523
0.2320550466841395,-2.357906197728449
0.2296743725331698,-2.349779303247934
0.22760571757287767,-2.342704639263669
0.224882361765183,-2.33359912813191
0.2221175807887366,-2.324506282202958
0.21928120455786929,-2.3154353792855265
0.21608662005467083,-2.30537020166703
0.2128449470205063,-2.295320118352977
0.2672553238724256,-4.545076074002596
0.2669428425839746,-4.537689294053194
0.26651912171619374,-4.528215875463317
0.26608556655216087,-4.518721808010017
0.2656904745155063,-4.5092261436991885
0.2652358314201772,-4.498675962700839
0.2647980177598314,-4.490260312895254
0.264251792147048,-4.479714439964857
0.2636736547774233,-4.470228113017669
0.26293844395922494,-4.4596937002595896
0.2623206932012156,-4.45126820411752
0.261545554843956,-4.441795939324145
0.26073673350439125,-4.43230523339789
0.2599998059586338,-4.4228510762176745
0.25931662933253985,-4.414430822038272
0.25852837495308356,-4.404959547057662
0.25782216264208513,-4.39654092525266
0.25699176535573093,-4.386013628289005
0.25638650118339507,-4.377587394494308
0.25561088132503657,-4.3670558840551825
0.2548103932717241,-4.3565263375680034
0.2543965322222626,-4.3502037050897595
0.2537401934617581,-4.340743621462545
0.2530101220555771,-4.330208902044215
0.25232848453830664,-4.3217673251749025
0.25132105100918595,-4.311276864353389
0.2502927643513528,-4.3007670721752245
0.24954354671605566,-4.2934129198622255
0.24856852197375853,-4.283959066416879
0.24784925789021936,-4.276623921812362
0.24714156221480585,-4.269286681568177
0.24617891094523442,-4.259831583048761
0.24514901845309803,-4.250384038811668
0.2441313970385189,-4.2409347350322335
0.24301036797354741,-4.230434375797087
0.24193574503097132,-4.21992923385386
0.24083301026632936,-4.20942702162741
0.23978654732028573,-4.198919009721475
0.2391173552625126,-4.191557754973149
0.23811224510708864,-4.1810456178172934
0.23700669851065742,-4.170543666059362
0.2359118138787274,-4.1600406102068845
0.23492400590765566,-4.150588208429796
0.2337678351388772,-4.140091695953814
0.23258019329511173,-4.129598741912082
0.23154252314456822,-4.120151266283874
0.23104193156905342,-4.114895154891472
0.23035354771701455,-4.107534710474326
0.2293891326578731,-4.09807946539996
0.22843843195683677,-4.088623205997192
0.22740051639305212,-4.078114349458167
0.22645718985907298,-4.0686361188871345
0.22580759679734488,-4.061314692053319
0.22503116929195868,-4.051842528406365
0.2243208205459104,-4.043424282106251
0.2236478272063433,-4.035003356566391
0.22303279896564324,-4.027637286296414
0.22228327053481325,-4.018162867868838
0.22159273339252697,-4.00976409623343
0.22096447106404823,-4.001339597015163
0.22045384976682122,-3.993965325009996
0.21983905405596801,-3.98450265194228
0.21930402705621024,-3.976071733335834
0.21880822014147772,-3.9676170156935857
0.21821036682917155,-3.9570951331288575
0.21771413834119288,-3.9476041234207915
0.21729534053689037,-3.940202954721816
0.21686457233187403,-3.932865674941286
0.2162280958805678,-3.9233829809244813
0.21569592847413857,-3.9149519437397977
0.21507125486661285,-3.904410451063146
0.21458144545344227,-3.8970555050156372
0.2140075030479301,-3.888627039123226
0.2134301913086118,-3.881236469934551
0.21252009988625614,-3.8707369557817977
0.21182304888590867,-3.8622968478063764
0.21111396453916773,-3.8539206558008576
0.21026581532830155,-3.844475591987004
0.2093771838998105,-3.8350132421177023
0.2086100464341327,-3.826600509366781
0.20791911114796977,-3.8192412124529738
0.20710287879340158,-3.810832729485796
0.2061548979260571,-3.8013761428813657
0.20518978905396978,-3.791921307141555
0.2045536939605389,-3.785596370107053
0.2036230741400489,-3.7761380663818027
0.2028467194355145,-3.76770470259673
0.20209536139935255,-3.7593324145825244
0.20143256589562958,-3.75199124068545
0.20077161983563202,-3.74462882719942
0.20015487053097739,-3.737262660965204
0.19948702711543184,-3.729901060084293
0.19876328925337094,-3.721462904237204
0.19797016946230914,-3.7120130583478295
0.1974403608809498,-3.7056572909247922
0.19680272114231054,-3.698292668673101
0.19620482837936096,-3.690924745320737
0.19557254373661218,-3.6825423666771573
0.19509030829682508,-3.676224649182125
0.1944513340101803,-3.6677801197321624
0.19395534219360963,-3.660426243358777
0.19351472860090024,-3.6530680455755564
0.19311201237966366,-3.6457082138847112
0.19280675095440822,-3.638301416615109
0.19260534831191448,-3.631968641279333
0.19240543181367484,-3.6235441789765646
0.19234906254262943,-3.61509639338865
0.1923929622542379,-3.6066484952177222
0.19251422850277183,-3.5981803329911064
0.19272178385322208,-3.5908331849534
0.19306687566456243,-3.582413098186547
0.19352249027155413,-3.5739565188972082
0.19416497574348512,-3.564495119046803
0.19485254560893975,-3.5560747949095295
0.19580499324349754,-3.5455791566579107
0.19655601311503174,-3.5382249351144077
0.19762065605833173,-3.528801690614912
0.19872960365906536,-3.5193626534169384
0.1997342146956249,-3.51097468753631
0.20080458626545483,-3.5015306777571085
0.201586035370536,-3.4941597137396423
0.20250179160060763,-3.4847211751972194
0.2034473793221863,-3.4742036145730797
0.20427507275513315,-3.4647357371306757
0.2052219450852686,-3.454218319759649
0.2060928860695945,-3.4447541793674223
0.2067095486484338,-3.437388307502116
0.20747411975349395,-3.4268560324010844
0.20811240345553914,-3.417373522019854
0.20874870486085448,-3.4068327287717763
0.2092106515763941,-3.3983975697478033
0.20972903134584994,-3.387850332631982
0.21011138910147353,-3.3783541537779374
0.21041399984489198,-3.368855007765094
0.21067894535769383,-3.3593547399316837
0.2110462604621653,-3.34985783856031
0.21163833431088666,-3.3393144843886904
0.21227726868437086,-3.328773874099216
0.21268172259381107,-3.322451042359316
0.21337402414261694,-3.3119137040761912
0.21402685864270676,-3.3024323546794507
0.21470733266032524,-3.2918943351071106
0.21520934137505457,-3.2834401725252387
0.2158820615174457,-3.2729228653685625
0.21643739230404413,-3.2634352016041106
0.21700602821244974,-3.2549851096253986
0.21756901005321908,-3.246598138215351
0.2182571921012051,-3.2371192920801892
0.21888261007659976,-3.2286946184647505
0.2194706273957615,-3.219208666330697
0.21997011352349166,-3.210775624843305
0.22053902189020114,-3.202346832329628
0.22128262963906373,-3.1918130231438724
0.22198616780564678,-3.182335196357516
0.22256618472805906,-3.1739070274165373
0.22311809754946985,-3.1654351122710573
0.2238484544116899,-3.1549215157717865
0.2245590834439995,-3.1454441679899863
0.22527993756627568,-3.137027037807378
0.2260851402557002,-3.1285962628406776
0.22690232550612532,-3.1202089419340555
0.2278445478685294,-3.1107727821494113
0.22886329326305146,-3.1013235733776376
0.23005017015823698,-3.0908304774516457
0.23120263836013466,-3.0813966764461487
0.23242285379237504,-3.071992415411898
0.23375871251383476,-3.0625828032431266
0.23514342517138478,-3.0531795517508296
0.23626170764723795,-3.045872731147776
0.23740462996190878,-3.0385485189429673
0.23876431025450118,-3.030189260513767
0.24053457592851749,-3.019800067913098
0.2421738236463715,-3.0104386406550026
0.2439743769798903,-3.000033282156543
0.24584734292614524,-2.989640760704295
0.24760227246549918,-2.980300288073343
0.24941961987930494,-2.970971724108904
0.2510822433478757,-2.9626890039702207
0.25306551655496645,-2.9523169478595817
0.2545964421256341,-2.944008950229421
0.25632799037458254,-2.93464259130941
0.25803036858040895,-2.9253137888746785
0.2598361890520318,-2.9149093294551367
0.26152458935081935,-2.9044852858042054
0.26309504814651774,-2.8940428469525195
0.2644173693712292,-2.884630694489596
0.26552938809149945,-2.876299201354586
0.26672994504631076,-2.8668714682843337
0.26794381900318237,-2.8563815058404534
0.2689023566931769,-2.846926006073891
0.26983916909170436,-2.837468649419635
0.2707382311313583,-2.8280282542766586
0.2716500708319892,-2.817507690592033
0.27232601334507256,-2.809086687175042
0.27301836436519944,-2.799607961894999
0.27355908639354976,-2.7922360684664285
0.27402080445715177,-2.7848797600278217
0.2744563493317994,-2.776421897034965
0.27480471801548584,-2.7690593074249654
0.2751792853592012,-2.759562700181736
0.2755018176118349,-2.7500642070836543
0.27571849670116894,-2.7405414840288524
0.27575492012536656,-2.730002796255944
0.27567338073323,-2.71944312458883
0.2754974308563919,-2.7099407840643326
0.27526931396476073,-2.6993832895288947
0.27501582293002247,-2.6909390950224834
0.2746421150086203,-2.680385700638613
0.27423273214711696,-2.6708905721266185
0.273726383820311,-2.6603427609420804
0.2731136012271466,-2.6508801095084604
0.2723988659967728,-2.6414030882409585
0.27173298038357707,-2.631944060157796
0.27089395710468345,-2.6214175861757116
0.27010554582351437,-2.6129853140431374
0.26901081933257065,-2.6035446012102383
0.2677970054499489,-2.5941397118277707
0.2663466951315299,-2.5836798623262034
0.2650069055041436,-2.574270833052879
0.26350190842156734,-2.563818659023908
0.2619360868453703,-2.553375441551745
0.26073095621801984,-2.5450133847899252
0.25949892036355343,-2.5366557960161
0.2583151200057747,-2.5293378196537817
0.2570240884536425,-2.5220595044470433
0.25533719796496945,-2.5127278292921114
0.2533254856354919,-2.5023612075770036
0.25141743665224553,-2.493050797191215
0.24980548553384282,-2.4858152396051363
0.24784744571099765,-2.4776189921258607
0.24555454100296545,-2.4683957636157086
0.2432218046646437,-2.4591824324917675
0.24092074363357774,-2.4499610333937607
0.23938918318127878,-2.4437912670780184
0.2368504559403296,-2.4335626610580543
0.23472180368154077,-2.4253873013179663
0.2320504873997931,-2.4151707342090023
0.22966977566234942,-2.4059696754355655
0.22696673924526523,-2.395761507172671
0.22420352046526362,-2.385569436279103
0.22135223548460323,-2.375424014198447
0.21901147821397607,-2.367284892954523
0.216303538395929,-2.3581967813548013
0.21412754065898076,-2.351131955882571
0.21166545659022093,-2.343072674642273
0.20876711625974992,-2.334021451593562
0.2060951479072361,-2.326007798068401
0.20341311200984927,-2.3179968801397597
0.20030640129926924,-2.309014537422169
0.1968260925199055,-2.2990445703596865
0.26873455371309574,-4.546762464398923
0.27269832559247564,-4.53697027005398
0.27606547392377095,-4.528082283838127
0.2793126181012465,-4.519150906692299
0.2827570281913118,-4.509168537801175
0.2856534070470634,-4.500116697635459
0.2877478764836404,-4.493027717371453
0.29026058487274836,-4.483861812685699
0.29286219983714423,-4.473627384917356
0.2952434120924291,-4.463339455879423
0.29742802226047355,-4.453007944962454
0.2994541403711891,-4.442644259658361
0.3012595393750808,-4.432239824998802
0.30284154036837685,-4.421799087122511
0.30406539732087556,-4.412395827458938
0.3051378138026924,-4.402931348747352
0.3060841086466116,-4.392435127696252
0.3068052825367753,-4.381899857180634
0.3073007294823273,-4.371351569383967
0.3075057352552103,-4.362906080670422
0.307561126792469,-4.354479182783919
0.3074485409374194,-4.344975914971002
0.3071146383659027,-4.335477763482671
0.306792031754248,-4.329170997522409
0.30631028368470925,-4.321794847540758
0.3056232564792133,-4.313374721014367
0.30481497774090255,-4.3049658426631
0.3040243555152181,-4.2976377886744155
0.30269530744505363,-4.287161855794018
0.3014731264137563,-4.278802079131887
0.3000966286589485,-4.269397596227171
0.2986980924135409,-4.259997092218789
0.29707187884028385,-4.249606308456689
0.2957397240844803,-4.241264110782964
0.29419185522903796,-4.231886847595694
0.29239272683763823,-4.221481197734351
0.29064508083334906,-4.211066920303561
0.289240643704353,-4.202736614429743
0.28790532643476613,-4.194394625859075
0.2864435074165446,-4.185003754600741
0.2849515196535918,-4.17561756416551
0.2832338231497647,-4.165198252883622
0.2816455628355617,-4.1558066135474085
0.2798278172405283,-4.145425700364293
0.2781660824432082,-4.136068156787162
0.2766356826988031,-4.127738685337866
0.27494125184865587,-4.118387015765028
0.27325244865059245,-4.109034293373447
0.27176892900098165,-4.100717660249052
0.2699890307508531,-4.09030871866624
0.26851205407349493,-4.081990928621998
0.2666676799546984,-4.071593226032406
0.2652297792995399,-4.063268631580565
0.2635218412916942,-4.053919299807391
0.26199693222817205,-4.045610196911942
0.2600855925655891,-4.035224595559438
0.25819474133492104,-4.02483534212777
0.25625574259057887,-4.014455020416278
0.25446134101541346,-4.0051219894109895
0.2526944847190825,-3.9958049403170808
0.2508645049342838,-3.986478863852786
0.24920495276487206,-3.9781955279257404
0.2471406469427505,-3.967839249312953
0.24518541087806917,-3.9585598750765434
0.2432523813938768,-3.9492546676942477
0.24179979028996262,-3.942006569066482
0.23965375421513482,-3.9316884024130974
0.23752242616676314,-3.92134579326611
0.2360753517886751,-3.9140969177853377
0.2342002154679337,-3.904779710083664
0.23279428299101235,-3.897501133210809
0.23103453685472047,-3.8881829304755278
0.22900608723073418,-3.877819592199888
0.2274084134501487,-3.8695241410109595
0.2262896482860077,-3.863266277016955
0.22483001826406446,-3.8549668046820305
0.22314959217055066,-3.8456125573389586
0.2217669191761418,-3.8372784500177346
0.22024569786951748,-3.827896953489178
0.21870168333015724,-3.818519394940253
0.21739397751178147,-3.8101729793476107
0.21594349298159637,-3.8008234249666804
0.21432253305878968,-3.7903886922214376
0.21280896861637366,-3.779937773322055
0.21163699882037978,-3.7715715956462468
0.2104139459965838,-3.7621472300990013
0.20924932535146562,-3.752694085664749
0.20800221778354455,-3.742228751190821
0.20720736555065286,-3.7348793212337625
0.20622155656356714,-3.725426291653927
0.2053277184951711,-3.7159854012777505
0.20476637179719356,-3.7096741488935656
0.2038359861613156,-3.6991765122104256
0.20328997695742546,-3.6928848852218406
0.20284115339896258,-3.68762429300584
0.2023333012263673,-3.6812877502648473
0.2014880162422866,-3.6707828155821844
0.20082428259009152,-3.6634208022427943
0.20007123160204518,-3.655006673465247
0.1992673329776153,-3.646575812949798
0.19852716696799197,-3.6371427127427465
0.19795568785205578,-3.6287138008245665
0.19735762850227956,-3.6181920335861513
0.196980439435732,-3.6086955685317568
0.1968597564670373,-3.6033958092062193
0.19678938979770066,-3.59285716502918
0.19689066351714798,-3.583353754078873
0.1970159120059242,-3.5759625995649547
0.19730910310379912,-3.567540861354637
0.19781597544605847,-3.5569929690371285
0.19842194480818207,-3.5474873858029
0.19913072740261886,-3.53803098836177
0.19983653266832418,-3.5285532872321137
0.20058784404831972,-3.519078904038476
0.2011822946131425,-3.51171091435338
0.20205649345229662,-3.502247161179679
0.20292477275118032,-3.492783201940101
0.20391102617183704,-3.4822693707956596
0.20468239264735005,-3.4738570428068947
0.2055620844942022,-3.4643935870975455
0.20634337761658197,-3.4559821793846024
0.2073392652351913,-3.4454692138699277
0.20812281149018472,-3.4359975828396436
0.20884054322594947,-3.4265207430646947
0.20936958636393777,-3.4191687692954424
0.2100404011127342,-3.4086301296972548
0.21065562297048357,-3.399146164963177
0.21107461666814614,-3.3917661044422536
0.2116026357394731,-3.3812193405737925
0.21197559044755676,-3.3717227143744726
0.21239477075425295,-3.3611710521518545
0.21285370966729544,-3.3506210727936008
0.21334564128164407,-3.3400725656368935
0.21391427847715114,-3.3305856244653738
0.21459032483086,-3.320047265557445
0.2151923074692794,-3.311620780632412
0.21580885554259857,-3.3021157384070317
0.21644185104399527,-3.292653867651748
0.217052778189879,-3.2831695557451117
0.21759996221791195,-3.2747181205081857
0.21816879144518425,-3.265252348186014
0.2187521750562622,-3.2557662884984953
0.21938791643775313,-3.2463045319835926
0.21982765890626996,-3.238925773536089
0.22039205076666926,-3.2283808332079063
0.22073850058945357,-3.220997122616925
0.22108087985757355,-3.212534959390512
0.22144775480926263,-3.204116150772548
0.22186697206690065,-3.194621342881715
0.22224102007458332,-3.18618176385839
0.22267468566129262,-3.176687626488914
0.22322492720557624,-3.167220489779799
0.2238149761795474,-3.156677054401017
0.22429539745811447,-3.147185246374622
0.22483673000436202,-3.1366391566515928
0.22555760245129935,-3.126103730349859
0.22639573386507267,-3.1155771351516584
0.22728315634794774,-3.1050545583320366
0.22810374707114525,-3.0966675763013756
0.22878979061738378,-3.090368493902022
0.22962472571830245,-3.0830451846432636
0.23078757978291684,-3.0736126107867316
0.23214549580663552,-3.063140316753138
0.23350759332852494,-3.053734480338855
0.23486978403818307,-3.0453970359452707
0.2361715161519214,-3.038120545394003
0.23816371892848218,-3.0277501164910077
0.24029566821627352,-3.017407570686681
0.24252835578869114,-3.0070863304413122
0.24459693222853723,-2.9978102824971997
0.24687650709534048,-2.987499292732115
0.24925223504620506,-2.9772100232037806
0.2511567617477462,-2.968979637247301
0.2532141492866255,-2.959700967740256
0.2551722056358721,-2.9503793420051974
0.2573936717338787,-2.9400772482425386
0.25925687261631875,-2.9307577539536385
0.26116896764484676,-2.9203722806060286
0.2626067621985186,-2.912047576884485
0.2641394702864889,-2.902668027152795
0.2656776428400252,-2.8932679642742936
0.26734987680626027,-2.8828626207117702
0.26896710696261183,-2.8724272237815947
0.2703161003471133,-2.863019603908209
0.27162345362523066,-2.8525408271628456
0.27282486834589764,-2.8431131485125816
0.27392300483811777,-2.8347369040928307
0.27492866492695667,-2.8263490454164755
0.2758057209121092,-2.8179467176281765
0.2766975690137043,-2.8084849784097887
0.27750159818390435,-2.799014787217028
0.27804039110151574,-2.7916427476763084
0.2785624379206681,-2.7831896463588257
0.27905691306194286,-2.7747771718817313
0.27960657615132595,-2.7642314822858047
0.27997300082088167,-2.7568274676212727
0.2804508746955292,-2.746299449244572
0.28076064505127823,-2.735743945164625
0.2809587737565324,-2.7262421259242875
0.2810895202219571,-2.7167390986971127
0.281263852417191,-2.7072366466559945
0.2814276733384039,-2.696677994341551
0.2814988314468096,-2.6861182689526366
0.28150159485334975,-2.676656807703448
0.2814100743674676,-2.667174632417266
0.2811815706470032,-2.657673483578738
0.28080080822690334,-2.648177089753217
0.2802551756351539,-2.6376312642762114
0.27968451337258604,-2.628144432752553
0.2791755143576349,-2.618654252455949
0.2786731137838665,-2.6102002204134336
0.2780757233689679,-2.6017946567638006
0.2773366212218846,-2.5923194252703543
0.2765160146653192,-2.5817913633784326
0.27566896397906515,-2.5712654694086043
0.2747347325500538,-2.5607469038461352
0.27377803148381896,-2.550230440475493
0.2729605690762328,-2.5418430982473175
0.27188461319846846,-2.5313380850151184
0.2707739094788128,-2.520836711304098
0.26993411992669014,-2.5134926688238446
0.26873742514276705,-2.504085936676731
0.2674013805368376,-2.494676349632777
0.2663583018854057,-2.487337049243592
0.2649573110203588,-2.4779582552999675
0.26348560222564305,-2.468568875980431
0.26175648119364664,-2.4581514154511863
0.26009821510539227,-2.448793303219052
0.25816123090402304,-2.438412467980779
0.25697979144852795,-2.4321877235289477
0.25490860171813684,-2.4218327570010953
0.2528030651032054,-2.411484829459908
0.2512486804937072,-2.404279233372739
0.24924593850215376,-2.394988443611838
0.24688184333951588,-2.3846964690569283
0.2446940431377433,-2.3754476884618856
0.24241789747436795,-2.366198668299523
0.24002635024944036,-2.3570218982576994
0.23751713222740112,-2.3478551194996213
0.23463377257950455,-2.3376964170499672
0.2323578453580734,-2.32958246480384
0.22969688282638187,-2.3204587070359466
0.22785531593201416,-2.314396313483281
0.22499218768274806,-2.305333740781047
0.22205297918852865,-2.296317471824961
0.269091099820967,-4.545657083521164
0.2722668714482901,-4.536698595652439
0.2755740205353845,-4.526669768840299
0.27867056763054276,-4.516574054207546
0.2815898154452682,-4.506425684043835
0.28428974434021054,-4.496216760138902
0.2867703621168808,-4.485952343903898
0.2885859427352374,-4.477702453962595
0.29066477898740656,-4.467349140096556
0.2923559643642129,-4.4579969026431225
0.2937062634243687,-4.449657540161758
0.29519493019738813,-4.439202987925091
0.29638003097598314,-4.429773230492054
0.29725992954450625,-4.421349926863831
0.298063003587664,-4.4119011893977325
0.29874630651361056,-4.401363384824087
0.2992037072498244,-4.390813385475283
0.29945083937694367,-4.380256306006355
0.2995261501284058,-4.3696967097101265
0.2993937361755508,-4.359137582369971
0.2991421013792767,-4.3517498883225
0.2986433449871246,-4.342258924057253
0.2980545195237729,-4.333810263885832
0.2974685498936975,-4.326441611033934
0.2966037476811742,-4.318059287542836
0.29562446857621894,-4.309647049058501
0.29461843680796224,-4.301258784434945
0.2933129941568338,-4.290800620010284
0.29209789760655386,-4.281374646178053
0.2907902688182302,-4.271961109223528
0.28943682098340523,-4.261488278895137
0.2884298334511766,-4.253100695709509
0.2871589303350551,-4.24261746660712
0.28576035379061077,-4.232150533878569
0.2845417211447147,-4.223790940001386
0.2833231969366444,-4.215409248822087
0.2819258571057706,-4.206029146403615
0.28031816295749407,-4.195592289706197
0.27882397575079715,-4.186206551839909
0.27717646045335337,-4.175775885753171
0.2754815388284626,-4.165396074530162
0.2737831339734735,-4.154973621206576
0.2721109281264043,-4.144546897733023
0.2708273552274714,-4.1361970379834485
0.2691876100870938,-4.125765126688711
0.2679189325740836,-4.117391676815661
0.26646614387613693,-4.10802072300921
0.2650156188488142,-4.098628037942583
0.26356814835789866,-4.089256090415422
0.2620629850035771,-4.079872085839438
0.2608727874785752,-4.072576363666735
0.25898878988915114,-4.062207197318745
0.2573330469594761,-4.052848582502375
0.25567188516833406,-4.0434909213171295
0.2542128727185635,-4.035169907594964
0.2523637512742232,-4.0247730912117285
0.2506946610097564,-4.015416888839784
0.24921672555550944,-4.0070988687696785
0.24767563016046285,-3.998814152038435
0.24616049805515056,-3.9905243094142944
0.24446537603011367,-3.9811727139978528
0.24287030343768393,-3.9718036205551916
0.24147133759255016,-3.9634508242566397
0.2398422543094197,-3.9541089785338985
0.2383981465654488,-3.945785405912732
0.23664812866741525,-3.93537140768552
0.2351473491137714,-3.925986692311631
0.2338825317274521,-3.9176338905562016
0.23246715153761616,-3.9082564913606013
0.23122178153821177,-3.89987872683229
0.22978301504335796,-3.890505600145681
0.22831557276768888,-3.8810942454540824
0.2267529796669446,-3.8717409904059195
0.22536067538429716,-3.8633872315644595
0.22401692423702813,-3.8550681667667677
0.2224170058718144,-3.8446300162013882
0.22100795540726426,-3.8352311654738727
0.21950083556583577,-3.824779280955304
0.21843596781811522,-3.817443113882842
0.21726650063209965,-3.809118896254304
0.21587815093921311,-3.7986505486746913
0.21467901053029675,-3.7892225719391006
0.21363380859913828,-3.7808605866667264
0.21237734493748467,-3.7703755605181297
0.21130029733146088,-3.7609328864425864
0.21032636892826723,-3.7525413069067963
0.20946763421796377,-3.7451997101380545
0.208689360733738,-3.737870319002094
0.20777036671122479,-3.728410869263661
0.20723182088598321,-3.722118783088671
0.2066706987037226,-3.7147693478968833
0.20617977688593342,-3.707414550166661
0.2057694902108487,-3.7010705973983655
0.20513057085366085,-3.6916093890472808
0.2047219369112729,-3.684228697431432
0.2041875655395797,-3.673682215177628
0.2037211798964395,-3.6641685138749556
0.2032978374046042,-3.6568098881853244
0.20284736640588993,-3.6483947525732985
0.20253400818562048,-3.6399735343814226
0.2023614383522974,-3.6315272896454966
0.20230349169783948,-3.6273243679163563
0.20223081259062453,-3.6210097473822005
0.20215679746403337,-3.6136393314889648
0.20217174950136085,-3.606247049938264
0.20230211473965035,-3.596743946099737
0.2025363303686859,-3.589376910582921
0.20282224596455217,-3.5809338277136282
0.20312704237013662,-3.572449179748877
0.20347451838342073,-3.5650865792542126
0.20393179235411527,-3.5577295235277795
0.20446365889548326,-3.5492981048973458
0.20509653538075537,-3.539815275135762
0.205862476950642,-3.5303421493899934
0.20676311870938896,-3.5198206585753877
0.20749971373258635,-3.5114473358467535
0.20828578135147355,-3.503035801423817
0.20919614050317298,-3.4935755149813352
0.20994996876831906,-3.4851611673650407
0.2108553281563667,-3.475679196413803
0.21170083275360926,-3.4672942861941993
0.21266606549486755,-3.4567999114323937
0.21337647115189554,-3.4484029209381886
0.2141807760172438,-3.4378735885208407
0.21482792990627747,-3.4294507163597747
0.21548898574043104,-3.41999056934718
0.21601241180618522,-3.411579784678421
0.21641999237769177,-3.4031205905088
0.21683202599996604,-3.393646746756071
0.21703403248853087,-3.388370447539807
0.21733762384180882,-3.377836028429123
0.21753284190998612,-3.3683341552486796
0.21773889621540887,-3.3588323723123295
0.2179293390160473,-3.351422000851851
0.21826220156597503,-3.340867190820642
0.2185173493612481,-3.332423150128948
0.21886767284703335,-3.322925577016773
0.21930666085538358,-3.3134317415899206
0.21966071480190924,-3.304991304030462
0.21998622829152426,-3.29654954342873
0.220344675063199,-3.2891663308573476
0.22077649797180274,-3.2786151081708055
0.2210254250989179,-3.2701707860046634
0.22128516887568409,-3.2617268739259817
0.221591603649015,-3.2522278731518113
0.2218327724511625,-3.242726932207867
0.22203553958462838,-3.2332250471833097
0.22223024597231217,-3.2237231703897757
0.22251472668576358,-3.213167015489406
0.22290038808516327,-3.2036709699912578
0.22331106217452248,-3.1952329632470864
0.2238460238610144,-3.184686506492841
0.22436946914405537,-3.175196980719187
0.22505844039474446,-3.164659467953908
0.22577730458229858,-3.1541240230354077
0.2264665346429086,-3.144645024184372
0.22710068258316687,-3.1362423631585594
0.22774481152517717,-3.1288578203668593
0.22870032444545926,-3.118341173424734
0.2296608118810403,-3.1088859132590807
0.23060337892518853,-3.100490685302364
0.23139250304728903,-3.0931414107458943
0.2324927195033687,-3.082638809693106
0.23334279842221178,-3.07423346642862
0.23418858869689105,-3.0658279911637454
0.2350634587506697,-3.057446811461557
0.2360949479967333,-3.047977697199058
0.23724049371257205,-3.038564364768151
0.2384217175186353,-3.0301994640743497
0.23986895573767036,-3.020806273145828
0.24118948316091693,-3.012462172104008
0.24232435598968363,-3.00515754056586
0.24395591930865465,-2.994724617784168
0.2453533126030123,-2.9863928107571613
0.24709368165914525,-2.9759771838328883
0.24868475688915945,-2.9666073711733203
0.25054819198493666,-2.956213105147665
0.25240871533274994,-2.9458183313682498
0.25420664886855854,-2.935412487418943
0.2557932953218306,-2.926041990553448
0.25718646443280774,-2.9177097395654163
0.2588353483497322,-2.907279269572677
0.26029296710028277,-2.8978878134023383
0.2613563576290418,-2.890593718709195
0.2626500939461977,-2.881156888163701
0.26405739762456976,-2.8707340523286304
0.26518662718611813,-2.8612974779646385
0.2662478521194048,-2.8518529427249266
0.2672338264028655,-2.842421241592076
0.2680617382710501,-2.8340140217346814
0.26904037830705235,-2.8234994661369934
0.2698175567658629,-2.8140275749985983
0.27055367527586,-2.8034933347987687
0.2710446600357628,-2.7950597241490325
0.27151865977179895,-2.7855676318939913
0.27193493740687563,-2.775015814706227
0.27217571937545615,-2.7676282218883825
0.2724218497741442,-2.7581487229566
0.272692060443424,-2.749705105772647
0.27309821424010006,-2.7402097528004603
0.27342062409796647,-2.7296547932883186
0.27363012119531915,-2.722244727217587
0.2738814472776771,-2.7127652194898073
0.27412369144072346,-2.7022080008875164
0.27426193135543003,-2.691649012739446
0.2743074645401019,-2.6810891434391815
0.2742333410276254,-2.67369767301946
0.2740560354042991,-2.6641949664252755
0.27384709265769963,-2.654714620887901
0.27355130635646413,-2.6441587381060434
0.27323908851334844,-2.6336033767393086
0.27277517545731816,-2.623053612126619
0.27222894326899805,-2.613565381968909
0.2715256394880797,-2.603028844942117
0.27097662527255884,-2.59565719509536
0.2701372379638767,-2.585130589753267
0.26919877891215477,-2.574612413092952
0.26820555525340195,-2.5651605430992483
0.26716044610580647,-2.5557138468399816
0.2661710312514685,-2.5473244786176372
0.2650416096421586,-2.5378874094728783
0.2639782951378925,-2.5295066587316772
0.26275213749486237,-2.5201031616790392
0.2613916536104196,-2.510697197793363
0.2598761165403288,-2.5013148578437283
0.2581795486390539,-2.4908920487142927
0.2569447701337554,-2.4836040156163905
0.25531667869362473,-2.4742404483021954
0.25351202109646126,-2.463835864583301
0.2521032139613083,-2.455484795887654
0.2505121036838045,-2.446136347969891
0.24907991324705578,-2.4378106918011344
0.2473729957432828,-2.4284612147722164
0.2458175351926808,-2.4201574295571913
0.24402565574719032,-2.4108666362882802
0.2426452041031365,-2.4036264655921085
0.24107342440299823,-2.395326186086972
0.23949808541970496,-2.3870263646696563
0.23765543055733027,-2.3777239785422055
0.23555706839626064,-2.3673745999803497
0.23364302495008682,-2.3580653835064718
0.23209083420178475,-2.350859543752972
0.2300647527669964,-2.3415740869856037
0.22782120527673955,-2.3312551773247727
0.225803729754743,-2.3219679083510263
0.22400277196402682,-2.3136925402482253
0.222421571917465,-2.3064716658606623
0.22020893182192758,-2.29616759885365
0.21817786188416316,-2.286883151905382
0.2671180870945929,-4.543795746591105
0.26602928586928715,-4.533290297329627
0.26494631851622813,-4.522785809358314
0.2641401555470411,-4.514376786306825
0.2633347528756971,-4.5059672519548375
0.26232587462498125,-4.49545553243143
0.26150846111969867,-4.485986824554893
0.26068065540859453,-4.476518929503554
0.26003511858187384,-4.46915558638964
0.25928190864001815,-4.4596604223597645
0.25846466954674163,-4.449132128035339
0.25770464304957613,-4.439658661078435
0.257082166551572,-4.431233342944111
0.2563802663758743,-4.421755515332062
0.2557550619916518,-4.413351635290334
0.25489070368481515,-4.402848693862451
0.25418832744223946,-4.394430265544777
0.2535406215146028,-4.387066816987433
0.2526031327372516,-4.376548445383662
0.2517925131401814,-4.3671000629879195
0.25115510962849785,-4.359735732611194
0.25031956062564636,-4.349208781425471
0.24960399707671138,-4.3407912444153665
0.24859201568760744,-4.330279836638047
0.24749155622372823,-4.31977739813144
0.24656577112258443,-4.310318682278259
0.2456742606014323,-4.300856675851347
0.24481531512245644,-4.292452849451313
0.2436339447913978,-4.281959138109401
0.24241138710152257,-4.271470166995915
0.24150079956481146,-4.26307152507499
0.24045568559168454,-4.252563360325621
0.23940741820807068,-4.2420555403335065
0.2383875290003587,-4.231544864367123
0.23752676325141756,-4.22316195939275
0.23653101546893152,-4.213710339423836
0.2356798130217861,-4.205305712164139
0.23457577189637976,-4.194803568523466
0.2336744572134582,-4.186424838733638
0.23275040405818376,-4.176965907631315
0.2317716569375136,-4.167491239360772
0.23067172074057116,-4.1570099452120965
0.22961208030312563,-4.147543984611201
0.2287235798190755,-4.139163480457839
0.22782004312184606,-4.1307639815772195
0.2268864268036003,-4.122410121112722
0.22590946364446843,-4.1140192978251555
0.22507073526205687,-4.106653449309479
0.223940967237327,-4.097238185950819
0.22258743110063892,-4.086765291822669
0.22148373429479853,-4.078389791493921
0.2203486132627676,-4.070017800077977
0.2190107179179059,-4.059542881334526
0.21782975692059792,-4.05011251133765
0.2168487879984533,-4.041722280589069
0.21586878353939742,-4.033331346980574
0.2149778428031955,-4.026014298469212
0.21403925273371482,-4.017618686884432
0.2132735865936945,-4.010266484677932
0.21214367343937576,-3.999767062331826
0.21114338146900602,-3.990315911416982
0.21028812816377285,-3.9819117625127776
0.20937908393474636,-3.97353348189291
0.20837408934133558,-3.964082885226883
0.20744220517327172,-3.95462476773826
0.2065912421543869,-3.9462407364539844
0.20561008105597342,-3.9367876107001734
0.2048378847049571,-3.9294567498191753
0.20406466526702585,-3.921044520790435
0.2033192887215152,-3.912629230030652
0.20252216127935782,-3.9042187241563027
0.20191583775043426,-3.897911901189891
0.20105289903033668,-3.8884467849483695
0.20017719734074327,-3.8779231615934417
0.19931115900107443,-3.8673988652779676
0.19841595070016238,-3.8579581163975343
0.1978392335855118,-3.8516695530417713
0.19691388132931972,-3.842210914178774
0.19612375829276718,-3.8338001346988437
0.1954568344795699,-3.8264385762372948
0.19460663956306298,-3.8180334790587542
0.19364491447840226,-3.8096191357872407
0.19265157067200137,-3.8012511198991676
0.19154673413316678,-3.7907490726535
0.19091605019822985,-3.784444035864553
0.19009835195522776,-3.7760780218568155
0.189183323011469,-3.7666182044629757
0.18850450906579286,-3.7592578059316435
0.18771328090620684,-3.7497658501704887
0.18712224552370368,-3.742397926225865
0.18650914995530382,-3.7339722799320367
0.18578296096407593,-3.7244958500444523
0.18523806333738493,-3.7171241219725983
0.1846858699099527,-3.708714626148217
0.18398265449951173,-3.6992579955414664
0.18342291884775036,-3.6908496714757395
0.18273624477336636,-3.6803120069059188
0.18214985080609092,-3.6719053824431866
0.18163214573413827,-3.6645733534006415
0.18114150274428217,-3.656139686766477
0.1807020707692755,-3.647703193057131
0.18033575392980875,-3.6403203327217746
0.17999475642306048,-3.6308013419159137
0.1797742142519687,-3.6223562206968616
0.17964150426181041,-3.612853390607276
0.17967129473972446,-3.6054615635469016
0.17976454488638888,-3.59807011177412
0.17991470970872217,-3.5906796331134094
0.18018031014524943,-3.582256783492622
0.180523753093225,-3.5738367003077
0.18099834996001699,-3.564323640864883
0.1814261983798882,-3.5569650434763713
0.1819110596963666,-3.549609804760086
0.18264088471724482,-3.5401337700311237
0.18350708899737087,-3.53069035992971
0.18425077785920066,-3.5233360137387644
0.18532470455096262,-3.5138928053734424
0.18636286416933548,-3.505509351493296
0.18729315480186695,-3.498155420871452
0.18825469407800827,-3.4898041347945457
0.18901923810104865,-3.4824516139704516
0.19010006210921873,-3.471989949587066
0.19101074895187467,-3.4635917259225
0.19175764980747428,-3.4562376357913958
0.19267166175285794,-3.446777737958526
0.1935781440395481,-3.436256696834998
0.19438288041214363,-3.4257275471849704
0.19517403514114734,-3.4151972937003574
0.19581172285768517,-3.406794414440266
0.19656507803915696,-3.396261341280996
0.1971934636575728,-3.386756979406261
0.1977721515997184,-3.3772706777497685
0.1983695468369424,-3.3678066609720103
0.19904436460588834,-3.358326611566061
0.19981727688296302,-3.347794942358695
0.20067693770822645,-3.3372700524714345
0.2015595334214007,-3.3278072396515066
0.20259177405740142,-3.3172978399155113
0.20359304338973497,-3.307846741479528
0.20461185648663816,-3.2983972382618285
0.20561940008221657,-3.288946792995094
0.20664830804727127,-3.2794987348751468
0.20738706272791743,-3.272164489561808
0.2083925385003556,-3.2616737427624716
0.2093708073595583,-3.2522200055182466
0.2102838058412783,-3.2427600024376098
0.21131471641504357,-3.232250410660092
0.21232303350475615,-3.2217388368094326
0.21315617644606824,-3.2122717074243883
0.21398447333810725,-3.203864204736755
0.21488497661324943,-3.194402946633315
0.2158420666367017,-3.1849470194670473
0.216675266536382,-3.1765405802366113
0.21744454344264028,-3.168127537039291
0.21823120213423722,-3.1597165477608824
0.21917821251176697,-3.15025985292541
0.22028879826367373,-3.139758467863825
0.22120676960580052,-3.131339687437538
0.22221665147373423,-3.122973541212476
0.22357828270347,-3.1125016931188365
0.22499102977616406,-3.1020366491279847
0.2265308023800849,-3.09158955269657
0.22806446553570628,-3.082210167439624
0.22937297976108814,-3.0749135017008467
0.2311280692504871,-3.065572961029682
0.23292014251177456,-3.0562609639679956
0.23460199819501476,-3.0479820332298333
0.23654397297315874,-3.0386785995246637
0.23881902385523213,-3.0283665171759657
0.24061045266188635,-3.020110859053058
0.24279457125637294,-3.0097791717583005
0.24478767428536835,-3.0004649879898153
0.24608949736293548,-2.9942858800646843
0.24807111156094602,-2.984990734230212
0.25017540980495495,-2.9746425634631297
0.25217542759448447,-2.964273725693579
0.25396274235096583,-2.9549605881857786
0.25587247038118066,-2.944574754782658
0.2572889001577677,-2.9362464756810165
0.25864540785477425,-2.9279081225168895
0.2601785506306296,-2.9185285983984786
0.2616587328762846,-2.9091406331096876
0.2629133227332608,-2.9007649802705187
0.2644614888569464,-2.890340451990672
0.2658061824354359,-2.8809321573027535
0.26714835867114495,-2.8704795463544235
0.26825309684026716,-2.8610401013426925
0.26922415760458457,-2.851564637776498
0.269997140270276,-2.844255114588852
0.270972714346917,-2.834801311345074
0.2716912828496721,-2.8274445387123452
0.27243898988638077,-2.8179699661465074
0.27312135007132726,-2.8074320682982625
0.27359305325493444,-2.7979606424148966
0.2740223745559683,-2.7884664489135487
0.2743320012611626,-2.7800242021426538
0.27454753970307705,-2.7715790427378932
0.2747502111276015,-2.763133468824487
0.2750080371542049,-2.752576655897616
0.27519187549894863,-2.7441307737344713
0.2753788049372168,-2.7346074026257488
0.27547656058552833,-2.7261812155488667
0.275539783534937,-2.716677447036438
0.27562233220369475,-2.706117781984077
0.2756396043004414,-2.695557850332381
0.2755597830138863,-2.687089101118711
0.2754306220354153,-2.6797194744646022
0.2752427379778355,-2.66916115592553
0.27491651824809105,-2.658606212711456
0.27457171855565227,-2.6480518777227364
0.274250905677419,-2.6385533554922413
0.27381200182578985,-2.629059525065462
0.2735427720050704,-2.6237651754215134
0.2730421085020402,-2.614295561849685
0.27259129472353005,-2.605859741849323
0.27202614409694476,-2.5963725667158943
0.27144334433126904,-2.5879449194638755
0.2706977185719326,-2.577411229125449
0.26996130734465984,-2.5679358225449764
0.26911685111139916,-2.5574096599615186
0.2682579162862782,-2.5468846999488144
0.2672899618068032,-2.5363692549534393
0.26614073994975135,-2.5258720353907758
0.2650971213536696,-2.516425623601312
0.26398355294181697,-2.506987558259563
0.2626498316243794,-2.4965121276286566
0.26137195221405335,-2.4870945346057094
0.2599704138770943,-2.4776731085559365
0.25883840127686497,-2.4703473139384604
0.2573828880184696,-2.4609770191944653
0.2560437112035289,-2.4526358890137008
0.25431625699405447,-2.4422181748674663
0.2526436460922233,-2.432883737263937
0.2508032919143263,-2.423602757640092
0.24869226554951185,-2.413255970800792
0.24675897906750277,-2.4039507256072756
0.24455228831372378,-2.393623897427363
0.2426800970149258,-2.385386114552796
0.2412052745474565,-2.379223813207647
0.23899300912437382,-2.370002409903657
0.23726994711158345,-2.362814114695156
0.23473208965663736,-2.3525636007340407
0.23286720932206317,-2.3454107475683985
0.2305991343818141,-2.3372731162209326
0.2279812375090578,-2.3281584082111384
0.22528344896328006,-2.319045422004412
0.22254137441459648,-2.3099452822250788
0.21976874943594393,-2.3008767719894188
0.2175987594084696,-2.29381016125105
0.26726083682445934,-4.544376159506195
0.2661138888355173,-4.5338766339493475
0.26513874284736993,-4.524423004377185
0.2641776882976745,-4.513906773335833
0.2636985510577478,-4.5086272478354
0.2628463237085798,-4.4992037349611635
0.26225872976372516,-4.492895148112449
0.2614839773414528,-4.484503642379238
0.2605148724816039,-4.473988245708512
0.25962210362567745,-4.46450508777132
