x,y
-1.2113185571456275,-4.548141104652514
-1.211441524754515,-4.54740390526626
-1.2116086590418345,-4.546354352329848
-1.2117734658415735,-4.545306104188537
-1.2119358986438649,-4.544258462973856
-1.2119373789956571,-4.5442340386850635
-1.212092476709758,-4.543208042958895
-1.212247593312375,-4.542161274167321
-1.212400383761925,-4.541114584445702
-1.2125508672515144,-4.540067909939613
-1.212699057771312,-4.5390211905922175
-1.2128449664133043,-4.537974378169094
-1.2129886018986564,-4.536927434430726
-1.2129894205166512,-4.536905658254772
-1.213126279720849,-4.535879382682904
-1.2132636135697943,-4.534831991833593
-1.2134027202195943,-4.533784869290261
-1.213539511508942,-4.532737502712837
-1.2136739624114405,-4.531689882028524
-1.2136748920551297,-4.531668544770299
-1.213802599217386,-4.530641464618707
-1.2139297903851458,-4.529593034364131
-1.214054664854185,-4.528544335991471
-1.2141772382495144,-4.527495384096311
-1.2142975215206786,-4.526446181832854
-1.2142988098004421,-4.526425100044903
-1.2144175326891273,-4.525397026946424
-1.2144181441779283,-4.525375786638505
-1.2145320952809993,-4.524347193638936
-1.2146452763405222,-4.523297232177416
-1.2147561463320191,-4.5222470199091305
-1.2148647192773863,-4.521196573933878
-1.214971004726027,-4.520145899393066
-1.2150750102220862,-4.519095001057761
-1.2151774363741532,-4.51804399211651
-1.2152817956651762,-4.516993140842182
-1.215383850031026,-4.515942064125835
-1.215483570475265,-4.51489076389916
-1.2155809730905087,-4.513839246931617
-1.215676070920521,-4.512787519542867
-1.2157688743785897,-4.511735587717272
-1.215859391751587,-4.5106834571768095
-1.2158591148176925,-4.510662193501419
-1.2159439479465142,-4.509630835497255
-1.2160272991233827,-4.508578114412048
-1.2161083501303969,-4.507525203966503
-1.21618711200066,-4.506472121614708
-1.2162635916242996,-4.50541887283776
-1.2163377944461113,-4.504365462689855
-1.2164097247544237,-4.503311896147683
-1.2164793859112848,-4.502258178142757
-1.2165467805384218,-4.501204313573932
-1.2166126032956348,-4.500150393064684
-1.2166803810656435,-4.499096559757607
-1.216745857404652,-4.498042580054534
-1.21680900135433,-4.496988457081429
-1.216869827600416,-4.495934197197855
-1.216869810683361,-4.495913094432686
-1.2169303478878346,-4.494880036249233
-1.2169889494477142,-4.493825647740715
-1.2170452358469492,-4.492771123357126
-1.2170443549271892,-4.492749857701061
-1.2170955915555062,-4.491716304283636
-1.2171446547818094,-4.490661424598277
-1.2171914043246432,-4.489606431059565
-1.217191162280111,-4.489585304326679
-1.2172378482082478,-4.488551526774565
-1.2172823894500413,-4.487496442762637
-1.2173246177993169,-4.4864412556173585
-1.2173234805666033,-4.486419989222305
-1.2173609131157987,-4.485385849395
-1.2173598395629943,-4.485364595111211
-1.2173923770646056,-4.484330289841648
-1.217422429810612,-4.4832746896619415
-1.2174501571735223,-4.482219018630721
-1.217475574894562,-4.4811632933160075
-1.217498693222408,-4.48010751857461
-1.2175195203162767,-4.479051698954292
-1.2175380626756254,-4.4779958390214505
-1.2175550146273741,-4.476939994888163
-1.2175746206421878,-4.4758841883088785
-1.2175961340064594,-4.474828400128473
-1.217615609291784,-4.473772499945057
-1.2176348020125949,-4.472716683512602
-1.2176516039974312,-4.471660820766312
-1.2176667076225438,-4.470604952853398
-1.2176843817831895,-4.469549115868458
-1.2177045952697443,-4.468493317206805
-1.2177265947345801,-4.467437555333695
-1.2177461128929084,-4.466381738707318
-1.217763839411436,-4.465325896845885
-1.2177833656374486,-4.464270079650795
-1.2178004509207025,-4.463214215862589
-1.2178150927910425,-4.462158311864662
-1.2178280148496703,-4.461102404685341
-1.217842803511198,-4.460046505056357
-1.2178551875347867,-4.458990571729942
-1.2178651648522123,-4.457934610474163
-1.2178734517461671,-4.456878658978484
-1.2178735068596032,-4.456857514207513
-1.217873578181338,-4.456857543693186
-1.217888586270977,-4.455822873606948
-1.217900952524306,-4.454766931327124
-1.2179109133659536,-4.453710952870337
-1.2179191958237516,-4.452654987830252
-1.217930056448252,-4.451599041762281
-1.2179427701268621,-4.450543109524846
-1.2179530424947302,-4.449487148845794
-1.217961569056557,-4.448431188084351
-1.2179719348278988,-4.447375232585298
-1.2179798765700551,-4.446319253819994
-1.2179853960017744,-4.445263257618837
-1.2179885256031162,-4.444207250270573
-1.217989291582406,-4.443151237643992
-1.2179884028730519,-4.442095255727898
-1.2179901191622946,-4.441039267280251
-1.2179896441173574,-4.441018080158227
-1.217990756727492,-4.439983320570678
-1.217989854913975,-4.438927326143288
-1.2179907661634692,-4.437871314070526
-1.217989237072375,-4.436815301193252
-1.217985963759099,-4.435759308484866
-1.217985220325637,-4.434703306994221
-1.21798629428087,-4.433647305003402
-1.2179855842321834,-4.432591304910947
-1.217986654333719,-4.431535304469946
-1.217986193387103,-4.431514126023647
-1.2179822741751198,-4.430479358946321
-1.217982338487512,-4.430458204837813
-1.2179823882574168,-4.430458220771436
-1.2179805676296307,-4.429423430303004
-1.217976808393845,-4.428367430012688
-1.2179748735301568,-4.427311405908968
-1.2179749534995243,-4.427290237097159
-1.217975016663947,-4.427290250639522
-1.217975462982547,-4.42625545714864
-1.217974702960938,-4.426234264706071
-1.217970046192505,-4.425199468616267
-1.217962730851532,-4.424143463322521
-1.21796174133171,-4.42412225614453
-1.217949632723543,-4.423087517898756
-1.2179356040781877,-4.422031607313002
-1.2179241496660023,-4.4209756530125786
-1.2179152393580621,-4.419919673146621
-1.2179081199801824,-4.418863684986473
-1.2178988589983935,-4.417807637824272
-1.217889936875896,-4.416751684618802
-1.217882796194198,-4.41569571691343
-1.2178823780590864,-4.415674551659548
-1.2178709878409828,-4.414639828292913
-1.2178615923634049,-4.413583873274773
-1.2178504077266359,-4.412527924838291
-1.2178416806868062,-4.4114719513516585
-1.2178354026653662,-4.410415958795802
-1.2178315356991432,-4.409359953602595
-1.2178300491994174,-4.408303941737656
-1.2178304017798316,-4.408282804565112
-1.2178279342332954,-4.407248047314369
-1.217823317472567,-4.40619204974688
-1.217820404372411,-4.405136047249661
-1.2178149645804603,-4.404080051253128
-1.2178070205320013,-4.403024068648223
-1.2177966213368838,-4.4019681057271125
-1.2177838065490447,-4.400912168293179
-1.2177686079057013,-4.399856261831956
-1.2177517399211988,-4.398800409735269
-1.2177374638499894,-4.397744512908945
-1.2177377493214603,-4.397723352267267
-1.2177278291972629,-4.396688618508294
-1.217715233354145,-4.395632683844989
-1.2177002088201463,-4.394576769114229
-1.2176827915679889,-4.393520891442062
-1.2176630072249408,-4.392465056136934
-1.2176408787639879,-4.391409268055701
-1.217616423553301,-4.390353531970518
-1.2175896555132633,-4.38929785261147
-1.2175605857938694,-4.3882422346861905
-1.217529926089959,-4.387186701501814
-1.2175011961917859,-4.386131080931064
-1.2174701457502637,-4.385075525037381
-1.217437449083427,-4.384020048675346
-1.2174073396646852,-4.382964487725184
-1.2173790909610578,-4.381908862877704
-1.217379197666647,-4.381887731821953
-1.2173510178233813,-4.380853321140057
-1.2173202044795113,-4.37979775934142
-1.2172869913681772,-4.378742258920116
-1.2172867688732143,-4.378721139871514
-1.217253716757261,-4.3776868429894416
-1.21721813062064,-4.376631421062436
-1.2171801960926358,-4.375576071939761
-1.2171406423907727,-4.3745208189349745
-1.217102984384963,-4.373465470794266
-1.2170629839477514,-4.372410209322577
-1.217020961651111,-4.371354963279177
-1.2169794148736264,-4.37029980560669
-1.2169397343081187,-4.369244555141497
-1.2168976642164406,-4.368189392386144
-1.2168531909584104,-4.367134324229662
-1.2168519564445284,-4.367113188468406
-1.2168038684563776,-4.366079501104253
-1.2167581559639729,-4.365024497474374
-1.2167582624817905,-4.365003333859988
-1.216757980472759,-4.3650033600925084
-1.216758403195544,-4.365003365183774
-1.2167166368783502,-4.36396938761098
-1.216673199402099,-4.362914270338367
-1.216632233572924,-4.361859042930672
-1.2165937383416123,-4.360803722906195
-1.2165569608244684,-4.359748355669827
-1.2165183705014844,-4.358693047634992
-1.2164814802432171,-4.357637687228678
-1.2164822059510272,-4.357616510333535
-1.216444992479958,-4.356582349294974
-1.2164053410176343,-4.355527080990888
-1.216363958384055,-4.354471885735054
-1.2163243818471097,-4.353416611034961
-1.216282392563256,-4.3523614289084644
-1.216237981968807,-4.351306345285253
-1.2161911830900098,-4.3502513646368905
-1.2161427265830214,-4.349196488056345
-1.2161423692224693,-4.349175357510272
-1.216098013039662,-4.348141468178439
-1.216051350892577,-4.347086484870116
-1.2160022975290166,-4.346031599346476
-1.215950882573041,-4.344976827465395
-1.215897127410692,-4.343922173626221
-1.2158417543428397,-4.342867639518574
-1.215788280712738,-4.3418129796749945
-1.2157328097246123,-4.3407583572444866
-1.2156777950331166,-4.339703816226789
-1.21562463017919,-4.338649161786111
-1.2156234483281683,-4.338628039921199
-1.2156235368206407,-4.338628070660842
-1.2155671994062605,-4.33759474631519
-1.2155095076322657,-4.336540329460457
-1.2154536179173092,-4.335485792611013
-1.2154533066871482,-4.335485487298554
-1.2153944142316955,-4.334452300199056
-1.215333479642942,-4.333398057300037
-1.2152708642147523,-4.332343924047806
-1.2152107960932161,-4.331289636455932
-1.2151525507336476,-4.330235239484663
-1.215091868674388,-4.329180976590151
-1.215028746218458,-4.328126854302313
-1.2149639245971597,-4.32707285582622
-1.214900937105709,-4.326018729170446
-1.2148362618398432,-4.324964719115256
-1.2147733929842734,-4.323910588030126
-1.214772011387245,-4.32388948180291
-1.2147050724628576,-4.3228568378241246
-1.214703406560083,-4.3228357451880735
-1.2146322913152265,-4.321803366434629
-1.214562203471513,-4.320749681236555
-1.214560695712178,-4.320728572290554
-1.2144866826421765,-4.319696394797752
-1.2144097262833853,-4.318643197544012
-1.214334565535316,-4.31758985106507
-1.2142577062387006,-4.316536641822242
-1.2141833365757162,-4.315483252449342
-1.2141829267984192,-4.3154620890209845
-1.2141144612213022,-4.314429528277493
-1.2140470414380873,-4.313375679916848
-1.2139778253130402,-4.312321933398101
-1.2139768261506299,-4.312300819655031
-1.2139770745200347,-4.312300735163072
-1.2139086764378102,-4.311268193545825
-1.213841981072046,-4.310214295169384
-1.2137776872273696,-4.3091602353600695
-1.2137157638219016,-4.308106033963036
-1.21365618786424,-4.307051698054734
-1.2135989409941572,-4.305997233894452
-1.2135440085722777,-4.3049426473754195
-1.213490676394928,-4.303888011439029
-1.2134354263156815,-4.302833448250371
-1.2133825023249165,-4.301778765318411
-1.2133312297190406,-4.300724024473088
-1.2132773762242737,-4.299669404595368
-1.2132209670379324,-4.29861491232905
-1.2131627635479507,-4.297560522094779
-1.2131063254035954,-4.296506031531613
-1.213047438513905,-4.295451670797658
-1.2129868029958963,-4.294397421425456
-1.2129286693174164,-4.293343026001732
-1.212928808777009,-4.293342704939799
-1.2128718202689874,-4.292309429783907
-1.2128134207664545,-4.291255063579164
-1.2127574768528302,-4.290200547402497
-1.2127032863371698,-4.289145944442017
-1.212646600485362,-4.288091467078939
-1.212587427300208,-4.2870371219768115
-1.2125258132809187,-4.285982913534291
-1.2124624986808528,-4.284928825779237
-1.2124017218702074,-4.2838745824321185
-1.2123427660782529,-4.28282022991458
-1.212282067695843,-4.28176598058058
-1.2122238357539992,-4.280711587923616
-1.21216806809075,-4.279657058348463
-1.2121147234150713,-4.278602400750805
-1.2120630692969054,-4.27754767673691
-1.2120088635054393,-4.276493073814444
-1.2119521250629697,-4.2754385986266294
-1.2118929093736883,-4.274384255630704
-1.2118319616969686,-4.273330026184022
-1.2117728294038677,-4.272275680590137
-1.2117119886153884,-4.271221442671584
-1.211652942696093,-4.270167093817284
-1.2115921710598347,-4.2691128504358975
-1.2115335314040063,-4.2680584039587215
-1.211475261200272,-4.267004031186636
-1.2114744452938175,-4.266982923949442
-1.211416117596554,-4.265949789095004
-1.2114171601364956,-4.2659286554732345
-1.211359272015542,-4.264895471646758
-1.21130269039445,-4.263840984797656
-1.2112443518718103,-4.262786584924917
-1.2111877513902691,-4.261732092967941
-1.2111286865236153,-4.260677734147999
-1.2110671593517919,-4.259623514502742
-1.2110032114821736,-4.258569437906139
-1.2110015650335255,-4.258548345734752
-1.2110007810582686,-4.258548406818501
-1.211000758617806,-4.258548443298173
-1.211000768019091,-4.258548471394018
-1.2110001594636153,-4.258548520343174
-1.21093335646539,-4.2575158628011645
-1.210868369361001,-4.256461845577186
-1.210805844833264,-4.255407669509517
-1.2107457397966315,-4.254353354929934
-1.2107452223742488,-4.254332221234587
-1.2107453904759082,-4.254332229225448
-1.2106835987549545,-4.253299244334513
-1.2106235814289459,-4.25224492731359
-1.2105652199745351,-4.251190531783067
-1.2105050061069695,-4.2501362272254175
-1.2105051330908374,-4.25011501130766
-1.210448326023807,-4.249081686359136
-1.2103901158370856,-4.248027281403631
-1.2103336118907142,-4.246972780431262
-1.2102746232724777,-4.245918413904528
-1.2102131562744707,-4.244864187911869
-1.2102116610151676,-4.244843089547062
-1.2102116869670523,-4.244843110971869
-1.2101491985272088,-4.243810209585509
-1.210088661801947,-4.242755935511555
-1.2100298880624298,-4.241701557047589
-1.2099686335761595,-4.240647318429712
-1.2099056121445633,-4.23959319404363
-1.209844363152455,-4.238538961585766
-1.2098452959883739,-4.238517823722845
-1.2098447781899153,-4.238517865152223
-1.2097820846047729,-4.237484954634271
-1.2097167067230359,-4.23643097706219
-1.2096538255561415,-4.235376834770221
-1.2095934353868836,-4.234322546042944
-1.2095926941809152,-4.234301416772191
-1.2095330230638828,-4.233268301228209
-1.2094751909094015,-4.232213869123004
-1.2094197444715076,-4.231159299425264
-1.2093666559046363,-4.230104610570175
-1.2093159048293867,-4.229049808805595
-1.209266771381654,-4.227994962142118
-1.2092680818153463,-4.227973745415095
-1.2092198840190878,-4.226940062592507
-1.2091731804428327,-4.225885100751904
-1.209123936776416,-4.224830239117755
-1.2090728747981208,-4.223775465269908
-1.2090235505363374,-4.222720611239537
-1.209022578541047,-4.2226994917132545
-1.2089688627780018,-4.221666069976073
-1.2089118434484243,-4.220611597567619
-1.2088524005738015,-4.219557247963756
-1.2087905711689253,-4.21850303653045
-1.208790916319706,-4.218481946223146
-1.2087286815524396,-4.2174488989231245
-1.2086644988594917,-4.21639483009594
-1.2086626369671305,-4.216373728655695
-1.2085945404738794,-4.215341130591474
-1.2085237599124747,-4.214287510922129
-1.2084548453541886,-4.213233735459292
-1.208384286887427,-4.212180092181633
-1.208315557015075,-4.211126314593674
-1.2082444374990122,-4.210072695273727
-1.2081716203390642,-4.209019213444767
-1.2081006353081847,-4.207965591410529
-1.2080272608799416,-4.206912131505828
-1.2079521868693122,-4.2058588119775395
-1.2078796480113265,-4.204805309358657
-1.207808928130674,-4.203751677971501
-1.207735765547597,-4.202698209697686
-1.2076608586597615,-4.201644876702926
-1.2075884529728602,-4.20059136385581
-1.2075178402063715,-4.19953772858672
-1.2074454620684998,-4.198484213783104
-1.2073755303677842,-4.197430530151798
-1.2073073481527172,-4.19637673876817
-1.2072366650668909,-4.19532310661609
-1.207237808103318,-4.195301983958349
-1.207237311606512,-4.19530203496233
-1.2071661664277136,-4.194269677975175
-1.2070967285026055,-4.193215954473082
-1.2070297401261187,-4.1921620604893715
-1.2070297438631665,-4.192140852736186
-1.2069660629602859,-4.191107906956416
-1.2069011077447915,-4.1900538960055655
-1.2068385645103605,-4.188999728588647
-1.2067784437212308,-4.187945420802657
-1.2067207124172807,-4.186890980435676
-1.206721232768866,-4.186869748705836
-1.2066669910337733,-4.185836306626865
-1.206610470471139,-4.184781815948702
-1.2065514262316428,-4.183727449979707
-1.2064906217546416,-4.182673196162962
-1.2064323036950753,-4.181618799594356
-1.2063764664145125,-4.180564266598236
-1.2063223631824311,-4.17950965357868
-1.2062657471138947,-4.17845516781604
-1.2062666740541308,-4.178434018104613
-1.2062668634336184,-4.178434031497191
-1.206211891742666,-4.177400614080121
-1.2061548503327097,-4.176346138419776
-1.2060961031097026,-4.175291766641645
-1.2060391739927163,-4.174237282704809
-1.2059798472086625,-4.17318293096929
-1.2059804263958929,-4.173161820754504
-1.2059205864887341,-4.172128642739583
-1.205858786363344,-4.171074432540558
-1.205794618940396,-4.1700203543127365
-1.205728818050556,-4.168966410696113
-1.2056656022595515,-4.167912303902988
-1.2056042417226251,-4.166858076430714
-1.2055411727842351,-4.1658039616693
-1.205479891672466,-4.164749733910478
-1.205416182155338,-4.163695647486857
-1.2053507411026845,-4.162641682976067
-1.2052878127186415,-4.1615875605940005
-1.2052868059956263,-4.161566441299757
-1.2052239802811038,-4.1605335577019975
-1.205222614168889,-4.160512448832871
-1.2051554129377613,-4.15947980322042
-1.2050892731830718,-4.158425864467123
-1.2050213859726713,-4.157372031649396
-1.2050202654461308,-4.15735091304404
-1.2049532994376013,-4.1563182442410715
-1.2048873483468645,-4.155264297416517
-1.2048196111024558,-4.154210451985873
-1.2047542941539242,-4.153156454505071
-1.2046906993908657,-4.152102364964627
-1.2046920425060168,-4.152081195273417
-1.2046299115537185,-4.151048252843079
-1.204568954923509,-4.1499940092617456
-1.204505504080128,-4.148939899390366
-1.2044395656703344,-4.147885940945727
-1.2043711865268671,-4.146832137641346
-1.2043011092831275,-4.145778468642276
-1.2042335679039,-4.144724629629128
-1.2041685466814962,-4.1436706283121225
-1.2041052922311724,-4.142616523596172
-1.2040402527763607,-4.141562525833169
-1.2039769442274415,-4.140508424745255
-1.2039111601435404,-4.139454470936556
-1.2038429049617012,-4.138400670789858
-1.2038413071636445,-4.138379588650551
-1.203769074228135,-4.137347283384321
-1.2036932956106852,-4.136293992311016
-1.203615848102224,-4.135240838941275
-1.20354095847881,-4.134187495832939
-1.2034679032281927,-4.133134016180334
-1.2033927615565618,-4.13208061095488
-1.2033180053259163,-4.131027277240308
-1.2032457398551037,-4.129973762357678
-1.2031752381172522,-4.128920129441388
-1.2031022490196517,-4.127866659025562
-1.2030267793393579,-4.126813357957863
-1.2029488746050672,-4.125760230182197
-1.2028685716047403,-4.124707279620877
-1.2027858999541374,-4.123654510251042
-1.2027015846006284,-4.122601900819037
-1.202619847762649,-4.12154908008615
-1.202539965596258,-4.120496104058334
-1.2024583707443546,-4.119443268847826
-1.2023792615569568,-4.118390238887017
-1.2023026314284122,-4.117337021256929
-1.2022277376758,-4.116283687476706
-1.202150333668969,-4.11523052919176
-1.2020704308468912,-4.1141775527922535
-1.201988778054113,-4.113124722506781
-1.2019872097091922,-4.113103650611891
-1.201906841161368,-4.112071949986597
-1.2018272437932374,-4.1110189546114375
-1.2017458814767976,-4.109966084144334
-1.2017445299948168,-4.109944994280813
-1.201664347424824,-4.108913266372781
-1.2015856031812187,-4.1078601931701755
-1.2015085594185901,-4.106807000121148
-1.2015102386652063,-4.106785833682896
-1.201432031397375,-4.105753806230838
-1.2013521391742188,-4.104700818574558
-1.2012697920703526,-4.10364800898206
-1.2011857412059774,-4.1025953557702435
-1.201104214638532,-4.101542501132783
-1.2010251985699272,-4.10048945250799
-1.2009486421994897,-4.099436220451668
-1.2008745045574452,-4.098382814231097
-1.2008020527672028,-4.097329309409463
-1.200727051675753,-4.0962759769678785
-1.2007284718215643,-4.09625483474166
-1.2006523678180894,-4.095222657969396
-1.2005745956338567,-4.09416951599781
-1.2004951020804684,-4.093116509572257
-1.2004174185719263,-4.092063356754276
-1.2003373320167463,-4.091010383047943
-1.2002551731446294,-4.089957501417534
-1.2001727486471523,-4.088904727031604
-1.2000879494852934,-4.087852136680819
-1.2000014829423513,-4.086799705141497
-1.1999175740856471,-4.085747058054196
-1.199836202286696,-4.084694204781486
-1.1997566122426746,-4.083641215320267
-1.1996745509677524,-4.08258840992833
-1.199590022315705,-4.081535795277391
-1.1995030694580695,-4.080483374839441
-1.1994137273035763,-4.079431152166104
-1.1994145938995322,-4.079410123623962
-1.1993243414275174,-4.0783790183541795
-1.199232634641801,-4.077326994105388
-1.1991392943923362,-4.076275134497519
-1.1990503954757246,-4.075244357998789
-1.1989630838186613,-4.074213327759507
-1.1988725498070236,-4.073161258658134
-1.198783726342308,-4.072109018270576
-1.1987852611913343,-4.072087940453273
-1.1986952160918425,-4.071056824460669
-1.1986045320256162,-4.070004739500497
-1.198515616687651,-4.068952481093717
-1.1984242931503293,-4.067900426276957
-1.1983312718470205,-4.066848537486591
-1.1982407657953458,-4.06579642426657
-1.1981527625544193,-4.064744094496503
-1.1980665055146804,-4.06369162632763
-1.1979777588441156,-4.062639360225332
-1.1979758640636349,-4.0626183140473975
-1.197883552789015,-4.061587615848585
-1.1977878624407088,-4.060535966141531
-1.1976946688056123,-4.059484077832234
-1.1976032606466644,-4.0584320339187006
-1.1976013908311272,-4.058410978688763
-1.1975065007989314,-4.057380515635769
-1.1974074261543777,-4.056329160341289
-1.1973066444425373,-4.05527797613164
-1.1972076750619356,-4.0542266080925
-1.1971063127874415,-4.053175467693049
-1.1970032509537998,-4.052124512988751
-1.1969020110574389,-4.0510733672438715
-1.1967983832415656,-4.050022452675084
-1.1966923560683378,-4.048971776091703
-1.196584661524358,-4.047921294197252
-1.1964795171326583,-4.046870547758419
-1.1963762044069237,-4.04581961159597
-1.1962711681133118,-4.044768853065551
-1.1961679026471694,-4.043717913700105
-1.1960629031451366,-4.042667151185776
-1.1960609659435582,-4.042646117411996
-1.1959568986539564,-4.041616549451483
-1.195849150600386,-4.040566063423358
-1.1958471412193967,-4.040545028946025
-1.1957403974330687,-4.039515726383501
-1.1956291948588436,-4.038465583448551
-1.195516266811568,-4.0374156304968025
-1.1954058375007088,-4.036365409775955
-1.1952975431483304,-4.035314890574642
-1.1951895980919505,-4.034264429352414
-1.195187842391107,-4.034243396550234
-1.1950808069392989,-4.033214140150421
-1.1949692797241145,-4.032164045926842
-1.1948559912119403,-4.031114137810099
-1.1947451745373852,-4.0300639627074935
-1.1946361240322865,-4.0290136063771795
-1.194636076524226,-4.0290132925854225
-1.1945263060870581,-4.027984322951155
-1.1944127649783787,-4.026934462114758
-1.1943016943789033,-4.025884320033184
-1.1941930926046203,-4.024833915476194
-1.1940869161556957,-4.023783260196453
-1.193983129953798,-4.02273236415321
-1.1938817059142783,-4.021681236156168
-1.1937826216000766,-4.0206298841252615
-1.193685162308348,-4.019578408240334
-1.193683796465331,-4.019557358471355
-1.1935826767564963,-4.0185274830072695
-1.1934775644050502,-4.017476647282807
-1.19337278439073,-4.016425864761282
-1.1932704461270849,-4.015374836477081
-1.193170179344724,-4.014323533938398
-1.1930702068291557,-4.013272291336151
-1.1929722640945482,-4.012220780901107
-1.1928745998055406,-4.011169329904851
-1.1927793054506803,-4.010117653420496
-1.192685680370805,-4.009065842226624
-1.1925894972071116,-4.008014250590127
-1.1925876664648247,-4.00799323539397
-1.1924887500160977,-4.0069631598146564
-1.1923909214368067,-4.005911702731335
-1.1922948147208312,-4.004860086248147
-1.1921965353957034,-4.003808589052976
-1.192097871229023,-4.0027572213527955
-1.1919967382917198,-4.00170608100747
-1.191893862306796,-4.0006551195643425
-1.1917927788554286,-3.999603971967745
-1.1916892818037623,-3.99855305445149
-1.1915837016043425,-3.9975022731798022
-1.1914781915458625,-3.9964514994149236
-1.191373110949071,-3.995400779818122
-1.1912698363614076,-3.9943498655782435
-1.191164137952974,-3.99329918303017
-1.1910560114486053,-3.9922487401526454
-1.190945493329814,-3.9911985406062014
-1.1908329488319058,-3.990148488166142
-1.1907208775329694,-3.989098488839621
-1.190610660604043,-3.988048270316223
-1.190498396737574,-3.9869981930119534
-1.190386549586425,-3.98594816897892
-1.1902768583421086,-3.984897826946446
-1.190166851934062,-3.983847604852122
-1.1900544008636529,-3.9827976302761443
-1.1899395250602893,-3.9817479092853345
-1.1898225956496844,-3.9806983430380143
-1.1897054191703016,-3.9796488845159304
-1.1895865841258526,-3.9785996286241225
-1.1894699322883708,-3.977550033441072
-1.1893533491336643,-3.9765004421305488
-1.1892371627460223,-3.975450898640423
-1.189123100048524,-3.9744010320155114
-1.1890086977221606,-3.973351288958093
-1.1888921656521234,-3.9723016943070037
-1.1887753069417566,-3.971252218204695
-1.1886560265960875,-3.97020300195188
-1.188534340592238,-3.969154052068989
-1.1884102817393603,-3.968105372608425
-1.1884117850456883,-3.968084447573112
-1.1884108676121625,-3.968084577191348
-1.188285327515648,-3.967036265111809
-1.188159829403033,-3.965987686639769
-1.1880344054883465,-3.964939108189692
-1.1879086982104266,-3.963890645460485
-1.1877812987604301,-3.962842394663655
-1.1876560429342313,-3.96179379467891
-1.1875311881754704,-3.9607452373796606
-1.1874080933197486,-3.959696462868963
-1.187407984345176,-3.9596961814607137
-1.1872843643616038,-3.9586687827632736
-1.187156116247486,-3.9576206180695017
-1.1870261637846067,-3.956572665669489
-1.1868983661090489,-3.95552436036865
-1.1868965100390718,-3.955503357434897
-1.186771287301166,-3.954455010794524
-1.1866460748873293,-3.953406408566303
-1.186520536207044,-3.9523579260260466
-1.1865202492574138,-3.9523576707705717
-1.1863943109837434,-3.9513305513122683
-1.1862640427669238,-3.9502825679818394
-1.186133494647068,-3.949234689959667
-1.1860012777406794,-3.9481870335336735
-1.186001054485737,-3.948186764792586
-1.185871083138307,-3.947139017047088
-1.185868442195736,-3.9471181033191343
-1.1858687211230634,-3.9471181161185727
-1.1857410983151537,-3.9460912100806373
-1.1856139997581876,-3.945042893063581
-1.1854886207991373,-3.943994364173102
-1.1853607492251568,-3.9429461306733824
-1.1853605676665981,-3.942945837113228
-1.1852323095571142,-3.9419189866872038
-1.1850999914419367,-3.940871328823089
-1.1849694475675128,-3.939823424490459
-1.1849691577987254,-3.939823146363503
-1.184839212137508,-3.9387965313138515
-1.1847097513184337,-3.9377485101141385
-1.1845820375762681,-3.936700264946124
-1.1844521872238694,-3.9356522035168746
-1.184321977198545,-3.9346042761455386
-1.1841896603762854,-3.9335565350180324
-1.1840577303306536,-3.932508839899202
-1.1839275770706656,-3.931460911304797
-1.183795324310729,-3.9304131655681664
-1.1836634445059313,-3.92936546587083
-1.18353367755276,-3.9283174158347993
-1.1834035684775404,-3.927269496340795
-1.1832713301652142,-3.9262217591275896
-1.1831394610824466,-3.9251740665483
-1.1831370312372362,-3.9251531330703426
-1.1830048301966642,-3.9241056486841086
-1.1828722149018212,-3.9230580381076585
-1.182737476239541,-3.922010612374607
-1.1826024108234785,-3.9209633124177548
-1.182464929655153,-3.9199163166170528
-1.1823257488477976,-3.9188695585989177
-1.1821883797010486,-3.9178225410965584
-1.1820486284065672,-3.9167758326965383
-1.1819071830494827,-3.9157293689046866
-1.1817682521531039,-3.91468256022711
-1.181631468926,-3.913635386462179
-1.181494354095302,-3.9125883466884233
-1.1813547863871288,-3.911541622179282
-1.1812127889848587,-3.9104952176034855
-1.1810690977790752,-3.909449061251543
-1.1809275683848424,-3.90840252026567
-1.1809273836360907,-3.908402251366019
-1.1807887513579052,-3.9073767762686535
-1.180650044390177,-3.9063298746866635
-1.1806501315483482,-3.9063295755178387
-1.1805133080947814,-3.905303862520973
-1.1803715017859007,-3.904257454552989
-1.180227261865784,-3.903211358932333
-1.1800806316622936,-3.902165589509026
-1.1799316425996698,-3.9011201492263337
-1.1797810222783258,-3.9000749699623696
-1.1796326021182695,-3.8990293818029746
-1.1794839377646331,-3.8979839133971885
-1.1794834658484894,-3.8979836812590376
-1.1793328655420572,-3.8969386971790922
-1.1791819607580147,-3.8958935667530263
-1.179181487153905,-3.8958933445428694
-1.179031603817058,-3.8948694517280877
-1.1790315019187876,-3.8948691775130664
-1.1788814709228739,-3.893824112623485
-1.1787314101997013,-3.8927787884881613
-1.1785817202057225,-3.8917334956996212
-1.1784344676894989,-3.8906878432559093
-1.1782889331235356,-3.889641951587722
-1.17814160735731,-3.888596297930041
-1.1779966743100587,-3.8875503026857006
-1.1778541430439187,-3.8865039713545917
-1.1777139817386353,-3.8854573153718315
-1.1775761647906136,-3.8844103447399334
-1.177440320206674,-3.8833630487425013
-1.177304003504271,-3.8823159182964178
-1.1771651199580082,-3.8812691130474795
-1.1770240473181839,-3.88022251509187
-1.1768833156191485,-3.8791759640399706
-1.176744327544836,-3.87812917536752
-1.1766028801391237,-3.877082706570804
-1.1764593103695473,-3.876036448233724
-1.1763154388215722,-3.8749903171951217
-1.1761695028551025,-3.873944393726889
-1.1760239872684801,-3.872898509604652
-1.175880276133565,-3.8718523589955143
-1.1757344886991354,-3.870806414568638
-1.17558909197537,-3.869760510804769
-1.1754461708170187,-3.86871425391275
-1.1753050054867238,-3.8676677567851696
-1.1751613704967934,-3.866621586128558
-1.17501596792889,-3.8655756626571796
-1.1748730220535977,-3.864529393388632
-1.1747321780117648,-3.8634827598395303
-1.174591660778156,-3.862436171406852
-1.1744535400750986,-3.861389256381603
-1.1743178048778575,-3.8603420232450985
-1.1741837349685602,-3.859294593000333
-1.1740471174350684,-3.8582474821961843
-1.1739083057493012,-3.8572005758890313
-1.1737694731533836,-3.8561536862836054
-1.1736309974381918,-3.855106841226069
-1.1736311686184515,-3.8551065290333573
-1.1734974543001795,-3.8540804049739483
-1.173363367013453,-3.8530329907150973
-1.1733660619218298,-3.8530119529114013
-1.1733664454033752,-3.8530119360345494
-1.1732374581322678,-3.8519851938476344
-1.1732351908916303,-3.8519642266419187
-1.173105663798825,-3.85093752865886
-1.1729715079229557,-3.8498899980185115
-1.1728377088076818,-3.848842509320667
-1.1727063583518391,-3.8477947066392377
-1.1725767327492949,-3.846746697496992
-1.1724453184078891,-3.8456989045940575
-1.1723156049512906,-3.8446509048817568
-1.1721855747076257,-3.8436244672423694
-1.1721879104716755,-3.843603503478804
-1.1720584537746808,-3.842576828148117
-1.171928779687357,-3.8415288327803587
-1.171797398472753,-3.8404810405288234
-1.1716680990754336,-3.8394329116165413
-1.1715384534800515,-3.8383849161349195
-1.1714066906681022,-3.837337105513317
-1.171274598110139,-3.836289422145092
-1.171140089973794,-3.8352420370976086
-1.1710035186211538,-3.834194845533915
-1.170867388250992,-3.833147695213036
-1.1707330739443407,-3.832100291955899
-1.1707327641451506,-3.8321000348989123
-1.1705991264826852,-3.8310739013301043
-1.1705991310988635,-3.831073608415918
-1.1704655942973214,-3.830026304940095
-1.1703320152376686,-3.8289787445079093
-1.1701980863138814,-3.827931311375649
-1.170062414767693,-3.8268840987202353
-1.1699284945189181,-3.825836648874089
-1.1697928463290133,-3.824789420350144
-1.1696589475984471,-3.8237419586354244
-1.1696613493208776,-3.823720963717084
-1.16952539683771,-3.8226945310793266
-1.1693895763482138,-3.8216473142993923
-1.1693876206331673,-3.8216262834561907
-1.16925901892338,-3.8205994686489393
-1.1691302146147429,-3.8195513497726155
-1.1691276570534286,-3.8195303887750485
-1.1689969101843938,-3.818503826437985
-1.1688665677134829,-3.817455887195229
-1.16873829342122,-3.816407613476579
-1.1687385712889942,-3.816407265524773
-1.1686102109959018,-3.8153593051672727
-1.1686086563710225,-3.815338247076271
-1.1684851374045013,-3.8143108288986416
-1.1684838145793002,-3.814289720424569
-1.1683606324207207,-3.813261784707271
-1.1683629816079388,-3.8132407162623285
-1.168244176342021,-3.812212727035687
-1.1681257113480796,-3.81116330464309
-1.1681243529673389,-3.8111421982164235
-1.1680061066801994,-3.8101137163186136
-1.1678876898959696,-3.809064375723067
-1.1677710042548832,-3.808014829887494
-1.1676525817632635,-3.8069654832827653
-1.167536603247755,-3.805915861947571
-1.1675354789054342,-3.805894730646263
-1.1675360480909165,-3.8058946840076344
-1.1674247693043018,-3.8048654966281905
-1.1673124202932847,-3.8038154767673307
-1.1671979571106796,-3.8027656055264303
-1.167195498270793,-3.802744632242275
-1.167080189564213,-3.8017162430435225
-1.1669602991222023,-3.8006670615784897
-1.1669574166142886,-3.8006461133968132
-1.1668331230021418,-3.799597629537846
-1.1667085203881449,-3.798549003967804
-1.1667104088940332,-3.7985280317675874
-1.166584051768349,-3.797500445948215
-1.1664570095782383,-3.7964521011456576
-1.166456312740813,-3.79645186046024
-1.1664561116922938,-3.7964519355785704
-1.1664556550127743,-3.7964519446283393
-1.1664549748443378,-3.7964520620897373
-1.166326350239854,-3.7954041222834047
-1.1661981019913743,-3.7943559576684085
-1.1660723373120245,-3.7933074794122055
-1.1660725464085013,-3.7933071450981117
-1.1659505306168594,-3.7922795704586854
-1.1658244455161242,-3.7912311429319105
-1.1657000789932044,-3.790182495533972
-1.1655732627434163,-3.789134135858596
-1.1654439990032237,-3.78808607089537
-1.165313034152362,-3.7870382342895583
-1.1651845779154575,-3.7859900811100013
-1.1650586176381053,-3.784941619950516
-1.1649344054954902,-3.7838929549212383
-1.1648077131588062,-3.7828445811538614
-1.1646788829970507,-3.7817963931990373
-1.1645497369680884,-3.7807483319232884
-1.1644188795884372,-3.7797004921874047
-1.1644170165772556,-3.7796794679176364
-1.1644172780265254,-3.7796794688831947
-1.1642933406268055,-3.7786309620277745
-1.1641697635176187,-3.777582230381103
-1.1640479280539564,-3.7765332879630504
-1.1639239722322623,-3.7754845157079804
-1.1639238872328848,-3.7754842290481885
-1.1637999696736545,-3.774435747756974
-1.1636760298089426,-3.7733870064999926
-1.163551753766424,-3.7723383851779784
-1.1634257435129594,-3.7712899691107746
-1.1633021986536636,-3.770241247590305
-1.1631804154545213,-3.7691923160069374
-1.1630561634603265,-3.7681436644213173
-1.1629294483259682,-3.7670953000650234
-1.1628010142377208,-3.7660471579965007
-1.1628008470200286,-3.766046871585372
-1.1626762765930259,-3.765019584264939
-1.1625477045254757,-3.763971466002982
-1.1624209061844673,-3.7629231076920595
-1.1624181858752327,-3.7629021691296347
-1.162286906781594,-3.761854548697198
-1.162155272628961,-3.760806793318237
-1.1621549015047805,-3.7608065320181963
-1.1620230452808666,-3.7597801399258692
-1.1618867347263333,-3.7587329135349226
-1.1617501547325608,-3.7576857947344853
-1.1617496103497025,-3.757685566825183
-1.1616111255068309,-3.756638907873297
-1.1614730558671844,-3.755592018189883
-1.161337490429659,-3.7545447830125402
-1.1612040418312963,-3.7534971921884384
-1.1610705765691829,-3.7524496147439597
-1.1609374421397793,-3.751402080735847
-1.1608063691585184,-3.750354202461502
-1.1606749133032868,-3.749306461304561
-1.160541660687518,-3.7482589359659357
-1.1604108261166592,-3.74721109520285
-1.1602817193871147,-3.7461630425185715
-1.1601501160282062,-3.745115290119511
-1.16015253058729,-3.74509428485325
-1.1600238496606659,-3.7440675052257517
-1.1598949833991825,-3.7430194029990584
-1.159764373551459,-3.74197150782978
-1.159636200771693,-3.7409233087693
-1.1595104663790876,-3.739874811952863
-1.1593871321783316,-3.738826028424338
-1.1592661674033813,-3.737776967860097
-1.159146852209577,-3.7367277412954625
-1.1590256684210587,-3.7356787108578295
-1.1589064817913484,-3.734629381227384
-1.1589045586737499,-3.734608393739721
-1.1589048912295254,-3.734608308612723
-1.158784609126768,-3.733580519028608
-1.1587845482069532,-3.7335802228272224
-1.1587845074513687,-3.7335801953452328
-1.1586622869376633,-3.732552646892522
-1.1586600914530965,-3.7325316820668846
-1.1585381217040978,-3.731504055036029
-1.158536090386847,-3.7314830570252733
-1.1584134755752575,-3.730455521524582
-1.1584110029150227,-3.7304345494940248
-1.158410690180176,-3.7304345901276696
-1.1582806800163667,-3.7294079525570902
-1.158277809726248,-3.7293870147955714
-1.1582772954051506,-3.729387073763942
-1.158140849025014,-3.7283612533537718
-1.158004345585685,-3.7273140144982766
-1.1578678408180294,-3.72626678757336
-1.1578678766041013,-3.7262664743851612
-1.1577332292405114,-3.7252404576044285
-1.1575936290858537,-3.724193737663108
-1.1575932228207682,-3.72419348181726
-1.1574544099907778,-3.723168030843607
-1.15745435161882,-3.723167737451886
-1.157317433400827,-3.722142015544202
-1.157176258353811,-3.721095515903796
-1.1570375404342468,-3.720048669577749
-1.1569005737168903,-3.719001593225093
-1.1569005247463606,-3.719001286323663
-1.1567614548131542,-3.717954694082114
-1.1566227193462322,-3.716907876292617
-1.1566228726845371,-3.7169075586011378
-1.1564889192420553,-3.715881456900903
-1.156354573863607,-3.7148340673472307
-1.1562184437512089,-3.713786886551069
-1.1562160728245185,-3.7137659354212404
-1.156081437828469,-3.7127399090557285
-1.1559417272635402,-3.711693190027207
-1.1559387018017637,-3.711672291807005
-1.1559381743628108,-3.7116723738078212
-1.155793814329763,-3.710647643016951
-1.155644669103194,-3.709602140244991
-1.1556443130500524,-3.709601873350633
-1.1554982583035238,-3.708577414256596
-1.1553519913744714,-3.7075315267959006
-1.15520539413677,-3.7064857668181634
-1.1550566897339796,-3.7054402251068312
-1.154908369345096,-3.704394723472092
-1.154762513997797,-3.7033488647043296
-1.1546184005417754,-3.7023027644108057
-1.1544725115413468,-3.701256902981256
-1.154470631013688,-3.701235861614071
-1.1543292659781708,-3.7001895593786194
-1.1541882113990507,-3.6991430382814467
-1.1540495627246083,-3.6980961845916824
-1.1539133073918997,-3.6970490118572235
-1.1537787184547261,-3.696001640721152
-1.1536422854582238,-3.6949544915275894
-1.1536408687537323,-3.6949333818807206
-1.1536415307363657,-3.6949333191091718
-1.1535141680748588,-3.693906352391912
-1.1533873454398385,-3.6928579840530364
-1.1532625392089975,-3.6918092961477136
-1.1531372910428983,-3.6907607642163933
-1.153010205653381,-3.6897124416230094
-1.152885504245428,-3.6886638292109306
-1.1527631990151233,-3.6876149313950357
-1.1526425629487587,-3.6865658585542933
-1.152519381021191,-3.6855170739062797
-1.1523940086175404,-3.6844684674258685
-1.1522686187022972,-3.683419878119293
-1.152143230544773,-3.682371300639426
-1.1520182023704413,-3.681322771022262
-1.1518949206286242,-3.6802740270166785
-1.1517691748802632,-3.6792255636787976
-1.1516409701433,-3.678177388771212
-1.151510350287746,-3.677129504983766
-1.1515097571469584,-3.6771292766012103
-1.1513797931074357,-3.6761026800351417
-1.151377148941895,-3.676081760702795
-1.1512467517835194,-3.675055175963278
-1.1512464081376617,-3.6750549069195584
-1.1511142248233517,-3.6740285681988913
-1.1511142056320625,-3.674028262018384
-1.1509847493381598,-3.6730015686319306
-1.1508553749396961,-3.6719534567077696
-1.1507256235220034,-3.6709054768080773
-1.1505937252360063,-3.669857681806405
-1.1504614765179206,-3.668810019295989
-1.1504587133406656,-3.668789119329835
-1.1503246510445837,-3.667763014743825
-1.150324673700566,-3.6677627055146265
-1.150192430785783,-3.666736369169406
-1.1500560315274122,-3.6656892324794668
-1.1499213736242764,-3.6646418528984492
-1.149784287286217,-3.6635947838767535
-1.1496447712003954,-3.662548032518224
-1.1495035673458571,-3.6615015267736855
-1.1493641777803678,-3.660454761623152
-1.1492231121239087,-3.6594082344266696
-1.1490841802801228,-3.658361337333931
-1.1489449465920527,-3.657314571270893
-1.1488032855835366,-3.656268123700231
-1.1486592155356585,-3.6552219994322406
-1.1485134694312205,-3.6541761270866724
-1.1483702499729804,-3.653129897520391
-1.1482295400780365,-3.652083320681716
-1.1480905926113334,-3.6510365101757896
-1.1480878713444194,-3.651015584787706
-1.1479471681004643,-3.649990341610641
-1.1478059531962732,-3.6489438298481613
-1.1476629799222131,-3.647897545265264
-1.147522072228097,-3.6468509047640487
-1.1473808087928845,-3.645804408842344
-1.147377975175981,-3.6457835101300464
-1.147232146858211,-3.644737818238563
-1.1470866415785188,-3.6436919103205727
-1.146943584052023,-3.6426456527641577
-1.1469411449176254,-3.642624707728367
-1.146797677669172,-3.641578688461949
-1.1466544605020639,-3.640532457698677
-1.146513632806298,-3.639485892364514
-1.1463744862462086,-3.6384391162525684
-1.1462328148825802,-3.6373926707193798
-1.1460893355510675,-3.636346469018079
-1.1459475809393824,-3.63530003182667
-1.145803375942131,-3.6342539242075267
-1.1456570566609598,-3.633208035622816
-1.1455104400227976,-3.632162276485512
-1.1453621294397478,-3.63111676709059
-1.1453619652380416,-3.6311164849628508
-1.1452187408988967,-3.6300916323008354
-1.1450749899954744,-3.6290454859767265
-1.1449294921383244,-3.627999566785916
-1.1449275435589308,-3.627978534018621
-1.1447839406531852,-3.626953064679111
-1.1446402503923414,-3.6259068094213176
-1.1444969325716807,-3.624860591512653
-1.1443553733495209,-3.623814129760481
-1.144211374598649,-3.622767995103869
-1.1440649375251908,-3.6217221943614373
-1.1439168026252178,-3.620676649751592
-1.1437711741246543,-3.619630746570593
-1.1436276856648202,-3.6185844659263973
-1.143624944702146,-3.618563557626048
-1.1436253667839391,-3.6185635333808888
-1.1436250665116032,-3.618563612519831
-1.1434812143047157,-3.617538837279544
-1.1433328603073452,-3.6164933106056125
-1.1431869553854352,-3.61544742564087
-1.1430431429835515,-3.6144011780377294
-1.1428996614445124,-3.6133549762296444
-1.1428980580927324,-3.613333899950897
-1.1427563946934343,-3.6123081819887535
-1.1426149719330343,-3.611261697359784
-1.142612431054921,-3.6112407535098
-1.1424733687151218,-3.6102152740918774
-1.1424709864163538,-3.610194311562437
-1.1424716585620245,-3.6101942211253446
-1.142334766879602,-3.609168453027144
-1.1423332990378101,-3.6091473359828874
-1.1422014080214995,-3.6081209000583923
-1.1420692018409835,-3.607073196840642
-1.1419351860779952,-3.606025705616988
-1.1418035442587406,-3.6049779163440827
-1.1416742899565622,-3.6039298320477866
-1.1415470400703913,-3.6028814377306397
-1.141419219093375,-3.601833584681775
-1.1412909891738334,-3.6007854484194977
-1.1411603185504713,-3.599737593283984
-1.1410279538286132,-3.5986899569709694
-1.1408977192732765,-3.597641964648861
-1.1407678917673298,-3.5965940105377467
-1.1407680007506755,-3.5965937088921263
-1.1407684732462,-3.5965937146808558
-1.140640542455246,-3.595566356599944
-1.1405126519754576,-3.5945181511789546
-1.1403872078822959,-3.59346963195548
-1.1402642114539527,-3.592420817670201
-1.1401429179307787,-3.5913718160928267
-1.1400191129142527,-3.5903231011672507
-1.1398928105148132,-3.5892746787481538
-1.139764764258211,-3.5882264781751028
-1.1397646830731716,-3.5882261744058783
-1.1397646590175008,-3.588226144585665
-1.1396412660813713,-3.5871987317134475
-1.139517741783222,-3.586150002775045
-1.1395152881605408,-3.586129043185759
-1.1393889161750304,-3.5851019569216445
-1.1393886253703784,-3.585101677629266
-1.1392595815744762,-3.584074921612868
-1.1391257443359808,-3.5830274338777404
-1.1389895232334613,-3.581980239911998
-1.1389888281903193,-3.5819800124811962
-1.138852569177716,-3.5809541735077284
-1.1387118496135735,-3.579907524012322
-1.1385709017640235,-3.578860977176093
-1.1384283322763304,-3.5778146723207174
-1.1382876026437696,-3.5767680934313164
-1.138145223300688,-3.5757217533933296
-1.1380053497400515,-3.5746750678768193
-1.138005403073668,-3.574674750195682
-1.1378704033405562,-3.573648766658634
-1.1378706647283385,-3.5736484318812782
-1.137738268925867,-3.5726221082535923
-1.1377386637818456,-3.5726217571951087
-1.13760881171647,-3.5715951092229927
-1.1374793201647906,-3.5705470866678204
-1.1374774405982595,-3.5705260802423275
-1.1373492011236137,-3.569499244690075
-1.1372166627348375,-3.568451590898166
-1.137086143836789,-3.567403602719032
-1.136955231314693,-3.566355759936153
-1.1369526480309957,-3.566334824320786
-1.1368190174628787,-3.5653086529107494
-1.1366803829826213,-3.5642617870962874
-1.1365400365676344,-3.563215155048181
-1.1364021867983125,-3.562168187102386
-1.1362668230111326,-3.561120891550013
-1.136133543477591,-3.5600732557024735
-1.136131190974592,-3.5600523000554363
-1.1359980380716335,-3.559026055408741
-1.1358644950033963,-3.557978545006673
-1.1357291562313179,-3.556931246424717
-1.135595509983719,-3.5558837365590197
-1.1354600853156422,-3.55483645230296
-1.135326372302976,-3.553788951139632
-1.1351908926308472,-3.5527416763964865
-1.1351884488646988,-3.552720723111397
-1.135054495818227,-3.551694596345205
-1.1349154969496371,-3.5506477760114357
-1.1347747578725889,-3.549601190709221
-1.1346364958434083,-3.548554272604969
-1.1345007039938741,-3.547507029066577
-1.1345010263659963,-3.5475066664645154
-1.1345016670703958,-3.5475066237886526
-1.1343676196729193,-3.5464799770239943
-1.1343649788468824,-3.546459043076844
-1.1342308424575815,-3.545432919814614
-1.1340963554512882,-3.544385511011939
-1.1339594126957053,-3.543338407577096
-1.1338200175184603,-3.5422916270281926
-1.1338168796247916,-3.5422707387314225
-1.1336750654848835,-3.5412456357972673
-1.133677345852237,-3.541224712486789
-1.1335310899067128,-3.5401996065718846
-1.1333841685551802,-3.539153848016043
-1.1332356127343872,-3.538108342185463
-1.1330896057079556,-3.537062474551956
-1.1329461259041442,-3.536016255012295
-1.1328051165978505,-3.5349696982466776
-1.1326665321126907,-3.5339228168073378
-1.1325296394154822,-3.5328757287969257
-1.1323902263256096,-3.5318289682324644
-1.1323874040785387,-3.5318080499309
-1.132246218773027,-3.530782876529193
-1.1321052177409487,-3.5297363250011795
-1.1319666396969081,-3.528689437933628
-1.1318297493779026,-3.5276423458004245
-1.131690337302588,-3.5265955820325723
-1.1315491190568312,-3.5255490621227654
-1.1314103258500128,-3.524502215648387
-1.1312732656104183,-3.5234551487734955
-1.1311337176618945,-3.522408405739351
-1.1309916925020007,-3.5213619921308967
-1.1308472384233776,-3.5203159083511317
-1.1307010920193912,-3.5192700802748376
-1.1305574598634935,-3.5182238981620366
-1.1304163274685717,-3.5171773710047574
-1.1302776438026991,-3.516130512962738
-1.130141367751414,-3.5150833362009575
-1.1300067738735797,-3.5140359586902385
-1.129870340493198,-3.5129888056021734
-1.1297362730930425,-3.511941344905649
-1.12960423569575,-3.510893555200836
-1.1294724640316076,-3.509845819549836
-1.1293423504971611,-3.508797889861749
-1.1293400202768185,-3.5087769386828582
-1.1292070948489905,-3.507750679708637
-1.129069839393472,-3.5067036446751696
-1.1289350128146634,-3.5056562795768436
-1.1289352919650268,-3.5056559240738534
-1.128805061417153,-3.504629317399583
-1.1286749277470374,-3.503581298410125
-1.1285450839339821,-3.502533321282649
-1.1284176059658684,-3.501485048073129
-1.1282924895327582,-3.5004364860581463
-1.1281697116200329,-3.499387644465668
-1.1280492537755171,-3.4983385315416724
-1.1280478830965897,-3.498317501619251
-1.127926784047152,-3.497268655593256
-1.12780585532546,-3.496219608364088
-1.1276872568848642,-3.495170286653838
-1.1275702931986824,-3.49412080399215
-1.1275706525077518,-3.494120452318914
-1.1274536165377258,-3.4930922792896126
-1.1273373318782016,-3.4920427112258525
-1.1272234192701558,-3.490992867686485
-1.1271118527023687,-3.489942769862596
-1.1270026128185766,-3.4888924260344445
-1.1268949859953032,-3.4878419440198503
-1.1267854613554398,-3.486791633850008
-1.1266775673244271,-3.4857411724749015
-1.126567465699286,-3.48469085238764
-1.126456955206137,-3.4836406710715653
-1.1263446551306724,-3.4825906757778986
-1.1262347890223658,-3.4815404163208763
-1.1261266635317282,-3.480489980782342
-1.1260160430220638,-3.479439797544388
-1.1259036357576566,-3.4783898071667934
-1.125793684645236,-3.4773395513931282
-1.1257926560923792,-3.477318422644953
-1.1257925343922275,-3.477318462954518
-1.1256862304225606,-3.4762891274676435
-1.1255761576777397,-3.4752388770625355
-1.1254678145955537,-3.474188436246774
-1.125357727134436,-3.4731381813802615
-1.1253557388741007,-3.473117158502452
-1.125247441666484,-3.4720879936896174
-1.1251399942604101,-3.4710374616740682
-1.1250349534449984,-3.4699866757476796
-1.1250343729167869,-3.4699654842898737
-1.1249337490546398,-3.468914463253008
-1.1248330227974497,-3.467863203976109
-1.124732217914885,-3.4668119637466503
-1.1246317105108674,-3.4657607834105972
-1.124533599757986,-3.464709367819579
-1.12453314293471,-3.464688197763631
-1.124441184577102,-3.463657470163384
-1.1243505004388887,-3.4626053722056307
-1.1242618173238952,-3.4615530243046715
-1.1242615431443872,-3.4615318387392002
-1.1241767060997152,-3.46050050796674
-1.1240932746013585,-3.459447808399465
-1.1240121986030567,-3.4583949119618085
-1.12393275174241,-3.457341918009935
-1.1238507166612446,-3.45628911485147
-1.1237668238775507,-3.455236450203524
-1.123765535725553,-3.4552153856676333
-1.1236828202950773,-3.4541838733918544
-1.1236007642802415,-3.453131070860346
-1.123516899558153,-3.4520783926656886
-1.1234347315770246,-3.4510255897062514
-1.1233507736589763,-3.4499729250761764
-1.1232685334262553,-3.448920130043374
-1.1232700948854748,-3.4488989942807144
-1.1231897616768467,-3.4478673099392854
-1.1231109516031381,-3.4468142472208942
-1.1231098714277212,-3.4467931489493076
-1.1231105583455734,-3.446793102478411
-1.123032023430513,-3.4457611142348403
-1.1229525072511526,-3.444708099444468
-1.1228747110556905,-3.4436549501660934
-1.1227944487195656,-3.442601985434676
-1.1227117235361108,-3.441549211164659
-1.1227128320688005,-3.4415281231380037
-1.1226321451699972,-3.440496467048562
-1.1225530662148353,-3.4394434254228736
-1.1224764753468497,-3.438390187775259
-1.1224016183565488,-3.4373368372655224
-1.1223251353509798,-3.4363050508763093
-1.122245676781995,-3.435252087436412
-1.1221686887888647,-3.434198917128071
-1.1220941705495742,-3.4331455603166745
-1.1220217190813477,-3.432091985303407
-1.1219495669534014,-3.4310384728624497
-1.121879087137937,-3.429984855646586
-1.1218805544427077,-3.4299637090663118
-1.1218090412909805,-3.428931250918085
-1.1217364361297122,-3.427877760572353
-1.121735196769108,-3.427856674080185
-1.1216635910376413,-3.4268243305981967
-1.1215929316884543,-3.4257706971398663
-1.1215204922144864,-3.424717170916884
-1.1214501209504688,-3.4236634328432674
-1.1213800786041528,-3.4226097636362187
-1.1213799793025074,-3.4225885841302595
-1.1213805962628842,-3.4225885678897905
-1.1213161401513374,-3.4215556860533867
-1.1212496729825863,-3.4205017745850372
-1.1211814475796738,-3.4194479740893495
-1.1211149942319083,-3.4183940555366994
-1.121116043931198,-3.4183729222398767
-1.1210512583177774,-3.417340150003006
-1.1209883626468642,-3.416286016571868
-1.1209279274033999,-3.415231727493362
-1.1209281205401675,-3.415210518105017
-1.1208711711663157,-3.4141772076740273
-1.1208124224996356,-3.413122756006686
-1.1208134620015902,-3.4131015913246565
-1.1208138100357432,-3.413101593888767
-1.120813480262629,-3.4131016364466658
-1.1207582753797403,-3.412068306989364
-1.120705062409575,-3.411013633153365
-1.1206539212790751,-3.409958778817272
-1.1206542571394833,-3.409958450231388
-1.120603917222238,-3.408924890598567
-1.120554954518753,-3.4078700491838285
-1.1205041803531157,-3.4068152698667573
-1.120455806225785,-3.4057603744188025
-1.1204562749874822,-3.4057600416202187
-1.120457012937385,-3.4057600501064647
-1.12041205611168,-3.4047262201455144
-1.120365409290418,-3.4036712577489823
-1.1203211894734497,-3.4026161760971467
-1.1203209045977263,-3.4025950461662546
-1.1202761718069794,-3.4015612195245524
-1.120229033602612,-3.400506267080122
-1.1202284982003414,-3.4004851309921142
-1.1202283747071264,-3.400485149103922
-1.1201794350582766,-3.3994514925552313
-1.1201797111560097,-3.399430291739992
-1.120134963165822,-3.398375403921279
-1.1200898102235133,-3.3973203670361087
-1.1200428691826272,-3.3962654029595387
-1.119998012058371,-3.395210273832146
-1.119998925760425,-3.3951891063358377
-1.1199572591796447,-3.3941551578610962
-1.1199179186085269,-3.3930998906352507
-1.1198806399054584,-3.3920444675996997
-1.1198429286650213,-3.3909891595492296
-1.1198026781449912,-3.389933936562787
-1.119760630646189,-3.388878784441772
-1.1197210449254202,-3.387823531464029
-1.1196832171984368,-3.3867682179446486
-1.119643236601236,-3.385712902572389
-1.1196035869696577,-3.3846576672028044
-1.1195656900311082,-3.3836023656156997
-1.1195260128322029,-3.3825471243928935
-1.119488427619632,-3.3814917268712836
-1.1194508226728608,-3.380436343277981
-1.1194515633640818,-3.3804151976108177
-1.119416990705996,-3.3793810117446146
-1.1193848989691528,-3.3783255152244136
-1.119385360055727,-3.378325195536778
-1.119354796871717,-3.3772908875246284
-1.1193222492308799,-3.3762354061710824
-1.1192921189853509,-3.375179836344274
-1.119292907613477,-3.3751586381918606
-1.1192676646640909,-3.3741241544100258
-1.1192450635951534,-3.3730683883244788
-1.1192241437531785,-3.3720125979355284
-1.1192006468252493,-3.3709568558389686
-1.1191753126250337,-3.369901153800852
-1.1191524092983909,-3.368845394273554
-1.1191315941950652,-3.367789519870836
-1.1191110696085242,-3.3667337281316927
-1.119092938010912,-3.365677887515391
-1.1190935267349482,-3.3656775730891106
-1.1190773360860624,-3.3646219101885633
-1.119077722200752,-3.364621620747098
-1.119078364092599,-3.364621673187086
-1.1190789277744893,-3.364621721149587
-1.1190673348876758,-3.3635870398575407
-1.1190584191707182,-3.3625310814695895
-1.1190519066813047,-3.3614750908811923
-1.1190470649592417,-3.3604191117500095
-1.1190477589314802,-3.360397919105972
-1.11904271390764,-3.3593631415577945
-1.1190349352643596,-3.3583071643597657
-1.1190253795475495,-3.357251200937665
-1.1190183219131735,-3.3561952154309656
-1.1190181660680676,-3.3561740578668493
-1.119011111755199,-3.3551392860965494
-1.1190060019825543,-3.354083296674688
-1.118999066301114,-3.353027302230522
-1.1189945569074156,-3.3519712948483544
-1.1189924714773678,-3.3509152798846147
-1.118992777074131,-3.3498592631356634
-1.118995447143935,-3.3488032500751244
-1.1189997700278032,-3.347747269163203
-1.119002178426967,-3.346691262134943
-1.1190069506790534,-3.3456352624804224
-1.1190134082506973,-3.3445792922174693
-1.119017630562442,-3.3435232227390475
-1.1190217717440742,-3.342467168557522
-1.1190255198437766,-3.341411206127298
-1.1190274509602707,-3.340355232769883
-1.1190318420150263,-3.3392992580804726
-1.1190386843493312,-3.3382432892114924
-1.1190479397720068,-3.3371873332908577
-1.119059577442672,-3.3361313968414086
-1.1190735725707925,-3.335075485942326
-1.1190899052531218,-3.3340196063372756
-1.1191078722042485,-3.332963780728153
-1.1191232177301338,-3.3319079042461284
-1.119136669917595,-3.330851991393065
-1.119152193757964,-3.3297960318574717
-1.1191524663278725,-3.329795739673647
-1.119168258458492,-3.3287611217818163
-1.1191863684625372,-3.327705223447765
-1.119204760332392,-3.3266494057570504
-1.119225547302109,-3.325593624040509
-1.1192487187223121,-3.324537885498204
-1.1192735504391584,-3.323482203357211
-1.1192735544687165,-3.3234610772051316
-1.1192741853755634,-3.323461114176282
-1.1192967440097101,-3.3224265947092513
-1.1193219854878054,-3.3213708878549992
-1.1193496271811187,-3.3203152293454314
-1.119379637964598,-3.3192596361555307
-1.1194119954057247,-3.318204113264963
-1.1194466815152257,-3.3171486652621316
-1.1194471844277205,-3.317127572265464
-1.119480803646084,-3.316093329663081
-1.1195122756711664,-3.315037788342872
-1.1195457681463372,-3.31398223110885
-1.1195795312692725,-3.3129267707872727
-1.119580049379313,-3.312926479026395
-1.1196161494433954,-3.311892329400213
-1.1196548561184985,-3.31083704710263
-1.1196549996831737,-3.310815947779816
-1.1196936319237258,-3.309781842981564
-1.1197347035626533,-3.3087266307834473
-1.1197781208499538,-3.307671501878812
-1.1198231585000755,-3.306616470433689
-1.1198662959153936,-3.305561338245506
-1.119911774063891,-3.3045063045091894
-1.1199596160458656,-3.303451374955405
-1.1200098004604564,-3.3023965541163514
-1.1200623099580174,-3.3013418464914834
-1.1201171305667257,-3.300287256589996
-1.1201742510384323,-3.299232788939858
-1.1202336623167877,-3.2981784480930076
-1.1202346600668804,-3.298178190684319
-1.1202966054465047,-3.297145186722431
-1.120360690147021,-3.296091135615414
-1.120427078164298,-3.295037213819608
-1.1204957569332616,-3.2939834379640245
-1.1205667188590631,-3.2929298130937914
-1.120639957844319,-3.291876343903296
-1.120715468956826,-3.2908230350746166
-1.1207932481946155,-3.28976989129853
-1.1208732922981228,-3.2887169172773474
-1.1209555985990582,-3.2876641177256922
-1.1210394672258133,-3.286611478796601
-1.121121386594763,-3.285558654232164
-1.1212056036625953,-3.2845060100992893
-1.1212914530015032,-3.283453523435917
-1.1213754071748578,-3.282400861868748
-1.1213772995050901,-3.282379794136076
-1.1213780398894,-3.2823798752507023
-1.121467801457905,-3.2813489538667633
-1.1214699052011556,-3.281327906252935
-1.1215636743671817,-3.28029731287527
-1.121656819952608,-3.2792454147886176
-1.1216571247432394,-3.2792451086723364
-1.1217513832193469,-3.2782145827882614
-1.1218495674305533,-3.2771631519283404
-1.1219501406033225,-3.2761119346173744
-1.1220530711150125,-3.27506094557451
-1.1221583365912426,-3.2740101883600703
-1.122157351079827,-3.2739892172908847
-1.1222637239102833,-3.2729595409983836
-1.1223712518837237,-3.271909013005974
-1.1224810958904308,-3.2708587155441355
-1.1225932391530182,-3.2698086634175008
-1.122707670478512,-3.268758860401269
-1.1228243808746508,-3.267709310173923
-1.1228273929169847,-3.267688369553173
-1.1228281797193511,-3.2676883972763724
-1.1229475936658981,-3.266660462987565
-1.1230706094894092,-3.265611672823614
-1.1231917636589768,-3.264562634355212
-1.1231945410626263,-3.264541676391756
-1.123318469792474,-3.2635142760465294
-1.1234469992603306,-3.262466114203924
-1.1235771757708082,-3.261418168291344
-1.123705498531599,-3.2603699784136073
-1.1238361708374276,-3.259322079350934
-1.1239692104457193,-3.258274478145347
-1.1241045917968127,-3.257227177131917
-1.1242422941239136,-3.256180179015638
-1.124381604133421,-3.255133423215325
-1.124519022934737,-3.2540863941414067
-1.1246587628200313,-3.253039671617079
-1.1248008467159634,-3.2519932636167495
-1.1249452532404924,-3.2509471729130026
-1.12509196496839,-3.2499014025733666
-1.1252409677771622,-3.2488559559514263
-1.12524455984996,-3.2488351403406703
-1.1253957445657277,-3.2478113580337395
-1.1255511986389966,-3.2467668804257843
-1.1257047755790894,-3.245722091644571
-1.1258599732738948,-3.2446775618852
-1.1260133384014317,-3.2436327490618413
-1.1261690630918666,-3.242588284460765
-1.126327161579743,-3.2415441753837686
-1.1264876055271236,-3.240500423424407
-1.1266503718882876,-3.239457030675897
-1.1268154420028103,-3.2384139996892785
-1.1269828007506315,-3.2373713333989884
-1.1271524358644927,-3.2363290350595912
-1.1273243373722053,-3.235287108192264
-1.1274984971449502,-3.2342455565396624
-1.1276749085319981,-3.233204384027956
-1.1278528736592943,-3.232163512670567
-1.1280289217228447,-3.2311222841445155
-1.128207249262961,-3.230081442756592
-1.128387194409274,-3.229040905453997
-1.1285652715398677,-3.228000024921916
-1.1287456678493761,-3.2269595421293356
-1.1289277145503613,-3.2259193669364805
-1.1291079188160442,-3.2248788538294724
-1.1291117534333792,-3.2248581164841306
-1.1291124096907883,-3.224858252486016
-1.1292963617390002,-3.223839854052812
-1.1294860943766576,-3.222801026348993
-1.129489603013382,-3.222780281007646
-1.1296759977136186,-3.2217622776217336
-1.1298681083046123,-3.2207238782022123
-1.1300618387036787,-3.2196857964087076
-1.130253726206663,-3.218647356226929
-1.1304479347658505,-3.217609349302535
-1.1306437893397183,-3.216571673802693
-1.1308371254711478,-3.215533520795513
-1.131028649925893,-3.214495029969633
-1.131222568346049,-3.21345698139446
-1.1314181966760262,-3.2124192639330857
-1.131611352331902,-3.2113810781734156
-1.131802729707884,-3.2103425668075567
-1.13180659389201,-3.210321837326379
-1.131998582781347,-3.209304926220064
-1.132192158191226,-3.208266821793795
-1.1323881625235734,-3.2072291597809732
-1.132586592838919,-3.206191957425752
-1.1327874069798949,-3.2051552133239327
-1.1329905708476504,-3.204118926836655
-1.1331960569010602,-3.203083098269419
-1.1334038428846651,-3.2020477287234854
-1.133613910798368,-3.201012819958355
-1.1338262460628046,-3.1999783742764056
-1.1340408368441557,-3.198944394426822
-1.1342569844600485,-3.1979107738930983
-1.1344712414604607,-3.196876730783182
-1.1346870855631925,-3.195843039608462
-1.1349010972047346,-3.1948089499507586
-1.1351167472617598,-3.1937752136221045
-1.1353306025437073,-3.1927410942962697
-1.1355468125779455,-3.1917074620298567
-1.1357653873327933,-3.190674324610842
-1.1359862953515907,-3.1896416817079998
-1.1359870449935319,-3.1896415226531944
-1.136206329502924,-3.188630108394886
-1.1364319817226045,-3.18759850492405
-1.1366599270257147,-3.186567391495895
-1.1368901427618805,-3.185536781235785
-1.1371226147470213,-3.184506676899223
-1.1373566424106165,-3.1834769580524487
-1.1375881092786606,-3.1824466507777953
-1.137817046100589,-3.181415770715436
-1.1378207939709089,-3.181395041819822
-1.1380415452300794,-3.1803839659121858
-1.1382689147116043,-3.179352731119291
-1.1384986751718322,-3.1783220135254373
-1.1387307844393086,-3.1772918220244923
-1.1389652125495189,-3.1762621559642317
-1.1392019353096081,-3.1752330153941255
-1.1394402460558313,-3.174204270286322
-1.139676707720256,-3.173175076359943
-1.1399147736359159,-3.172146270222538
-1.140151036513536,-3.171117035380365
-1.1403896275222904,-3.1700883358540812
-1.1406305594914037,-3.1690601800964147
-1.1408738034373869,-3.1680325674730834
-1.1411193357380334,-3.167005498258928
-1.1413671372079275,-3.1659789735288206
-1.141617192240989,-3.1649529950176354
-1.1418694881132754,-3.1639275650034695
-1.142124014417873,-3.1629026862106673
-1.1423807626075735,-3.1618783617294293
-1.1426397256253282,-3.1608545949493094
-1.1429008976060737,-3.159831389504292
-1.142906203675349,-3.1598111274829437
-1.1431624916970746,-3.158808374921746
-1.1434257402218135,-3.1577856998275706
-1.1436912193560276,-3.1567635916920054
-1.1439589148652463,-3.1557420638295293
-1.1442288194920416,-3.154721119388138
-1.1445009272815734,-3.1537007615457706
-1.1447745490164116,-3.15268084730637
-1.1450462947023703,-3.1516604005828444
-1.1453202725443683,-3.150640550776319
-1.1455958303300025,-3.149621153222442
-1.1458688829881853,-3.1486010733526744
-1.1458743396084077,-3.1485807327594038
-1.146142933891233,-3.1475812999035298
-1.1464185017699469,-3.1465618916898923
-1.1466916631961552,-3.145541820780526
-1.1469630941161715,-3.144521296640269
-1.1472369184015776,-3.143501409518397
-1.1475124549350257,-3.14248198789309
-1.1477855882686872,-3.141461915651977
-1.1480563224856533,-3.1404412007669547
-1.1480613285416819,-3.1404207554788752
-1.1483277674256718,-3.139420768176388
-1.1486019987793104,-3.138400994794947
-1.1488786388424497,-3.1373818586790434
-1.149157635988722,-3.136363364645365
-1.1494382733583048,-3.1353453386189885
-1.149716458577224,-3.1343266347009395
-1.149721237132106,-3.1343061190956916
-1.1499902014557293,-3.1333067674395636
-1.1502661540063819,-3.1322874570893307
-1.150540398292238,-3.1312676769942507
-1.150540635577988,-3.1312674062179346
-1.1508113248186962,-3.130268560185574
-1.1510852557642488,-3.1292487187819336
-1.1513615649503228,-3.128229503334909
-1.1516395689362964,-3.1272107541340235
-1.151915839697936,-3.1261915304254035
-1.152193777448572,-3.1251727629923662
-1.152469992229566,-3.1241535263921167
-1.1527485626836163,-3.1231349280228717
-1.153029491050287,-3.122116974566469
-1.1533120632418496,-3.1210994909903107
-1.1535928596914358,-3.1200815043257983
-1.1538759643396883,-3.119064154968418
-1.154161388310852,-3.1180474516509857
-1.1544491016631309,-3.1170313922725943
-1.1547384032337935,-3.116015807923455
-1.155025892395625,-3.1149996893734473
-1.1553156525940338,-3.1139842145027012
-1.1556070265698757,-3.112969220534842
-1.1558966081291662,-3.1119536980024005
-1.156188475835774,-3.1109388281041186
-1.1564826442077476,-3.109924620534519
-1.1567790860804712,-3.1089110736378833
-1.1570771040876378,-3.107898014231116
-1.157372635995196,-3.106884218215491
-1.157665704960587,-3.1058697007311964
-1.157956367604224,-3.104854486245196
-1.158244669384384,-3.1038385951513123
-1.1585313106350175,-3.102822254852453
-1.1588203945843016,-3.101806600311386
-1.1591119050659227,-3.100791634195884
-1.1594051193966675,-3.0997771620113337
-1.15969660730189,-3.0987621898600173
-1.1599904354823203,-3.097747889291047
-1.1602866071454692,-3.0967342673536042
-1.1605844134159407,-3.095721139529327
-1.1608797772254338,-3.0947072899089507
-1.1611733803603015,-3.0936929288197046
-1.1614690246849162,-3.092679079387721
-1.1617642922842422,-3.091665217346221
-1.1617700857066668,-3.0916449974524665
-1.1620597303344293,-3.0906512638177053
-1.1623530837993787,-3.0896368417195523
-1.1626481665074453,-3.088622899005884
-1.1629409165287046,-3.087608277355566
-1.1632319943273768,-3.0865931925469243
-1.1635254958234946,-3.085578800798573
-1.163821407794303,-3.084565105241762
-1.164119680679188,-3.0835520987206175
-1.1641260516092342,-3.0835320517988487
-1.1644225357653186,-3.082540097899786
-1.1647227787045191,-3.0815276768646465
-1.1650253437377998,-3.0805159348415785
-1.165330235560826,-3.0795048908431597
-1.1656374200584267,-3.078494541035203
-1.1659468695701933,-3.077484882831648
-1.166257886005868,-3.076475732842914
-1.166566426208187,-3.07546581556153
-1.1668731812230568,-3.0744553484677977
-1.1671815790086175,-3.0734453863186695
-1.1674875899130777,-3.072434693341947
-1.1674935044052528,-3.0724144962034954
-1.1677944256277377,-3.0714243221965507
-1.1681031126865036,-3.0704144430753897
-1.1684101252289343,-3.0694040482940346
-1.1687194940280894,-3.068394370655303
-1.1690312168825676,-3.067385415750816
-1.169345253463863,-3.066377177646089
-1.1696615710069374,-3.065369652285928
-1.169979469931927,-3.064362648379471
-1.170294910811877,-3.063354864627756
-1.1706079137671654,-3.062346315395886
-1.1709185327511635,-3.0613370252964316
-1.1712268110829847,-3.0603270148550634
-1.171533443713506,-3.0593165254049435
-1.1718425090266122,-3.058306771174153
-1.172153989943605,-3.057297754233535
-1.1724671666699065,-3.0562892654002893
-1.1727779644872645,-3.055280035590858
-1.1730863872287556,-3.054270073190603
-1.1733924757756873,-3.0532593978790543
-1.1736962629275423,-3.0522480262575606
-1.1739984340918126,-3.0512361982707934
-1.1743024063605834,-3.0502248864466766
-1.1746041051720335,-3.049212891756839
-1.1749035125961658,-3.0482002147551035
-1.1752006518889742,-3.047186868534511
-1.1754962010218228,-3.0461730902152717
-1.175793580040643,-3.045159819158473
-1.176089362274024,-3.0441461030331665
-1.1763875903043763,-3.0431330970640653
-1.1766875783622963,-3.042120603762305
-1.1769796162512896,-3.0411279597656233
-1.1772747563312522,-3.040114074449884
-1.1775675630013973,-3.039099490302042
-1.1778587537996856,-3.038084458901598
-1.1778636231997817,-3.038063979605569
-1.1781487302985536,-3.0370691447001255
-1.1784374419697548,-3.0360533917224917
-1.1787278895585303,-3.035038109630656
-1.1790166927685082,-3.034022370250702
-1.1790167516422116,-3.0340220590408133
-1.1793025608027434,-3.033027409365067
-1.179596411296283,-3.0320131261036507
-1.1798919253587752,-3.030999323342955
-1.1801857004772685,-3.029985006992723
-1.1804811152937966,-3.0289711730263327
-1.1807748061539975,-3.0279568343808934
-1.181070831149736,-3.0269431714152226
-1.1813691944072897,-3.0259301913847336
-1.181669184980133,-3.024917708668898
-1.181675375594698,-3.024897587540055
-1.1819695358034585,-3.0239050691511284
-1.182267447731722,-3.0228919638718494
-1.182567716225312,-3.021879541067395
-1.182870339622326,-3.0208678182530657
-1.1831752785979461,-3.0198567904056137
-1.1834825012765486,-3.018846453957904
-1.183791306103353,-3.0178366248972335
-1.184097643927438,-3.0168260376735034
-1.184402203959975,-3.0158149079990015
-1.1847090846945265,-3.0148044776586613
-1.185017620874307,-3.013794562862962
-1.1853237436864439,-3.0127839079327656
-1.185627463341148,-3.0117725234758983
-1.1859294894629464,-3.0107606438668015
-1.1862332469165038,-3.009749272532375
-1.1865346785427213,-3.0087372020535246
-1.1865395949832,-3.0087166967456875
-1.186830712807142,-3.0077235775873006
-1.18712490911922,-3.0067093741435658
-1.1874174865684406,-3.0056947187405623
-1.1877125290020296,-3.0046807723398574
-1.188009343747587,-3.003667335730934
-1.1883044915705958,-3.002653421263479
-1.1886020228506515,-3.0016402001964546
-1.1889012601146647,-3.000627485415484
-1.189198112399117,-2.9996140644653
-1.1894932494023187,-2.9986001506154656
-1.1897901029675704,-2.9975867317209137
-1.1900846124823499,-2.9965726255140925
-1.190090134761616,-2.9965523321143315
-1.19037911562492,-2.9955585802786984
-1.190671840569187,-2.994543971821042
-1.1909663297381556,-2.9935298483978032
-1.1912591820185927,-2.9925152667448724
-1.1915537733857047,-2.9915011795497266
-1.1918467066298144,-2.99048662326772
-1.1921420334102428,-2.9894727575738687
-1.1924397459898917,-2.98845958666992
-1.1927391267518752,-2.9874469180447027
-1.1927452122489435,-2.9874267691177985
-1.1927455789848722,-2.987426899492662
-1.1930412867300284,-2.9864350126953942
-1.1933401368642012,-2.9854221695166134
-1.193636641012785,-2.9844086251569024
-1.1936413625475748,-2.9843880508402987
-1.193927687888828,-2.9833935289270124
-1.1942176800783368,-2.9823781310895594
-1.1945101277884134,-2.9813634231156714
-1.194805010824628,-2.980349418012566
-1.1951015981704305,-2.979335915465818
-1.1951075038665535,-2.97931571639965
-1.195399188173578,-2.978322756154857
-1.1956983960774814,-2.9773100272028294
-1.195995229061363,-2.9762965860904727
-1.196289684028629,-2.975282450501602
-1.196582470008605,-2.974267850823812
-1.19687700825317,-2.9732537466935947
-1.1968825948397142,-2.9732334654599986
-1.1971775250500314,-2.9722196724119714
-1.197183252442906,-2.972199435802032
-1.1974754613106497,-2.971206654854286
-1.1977759457094257,-2.9701943066691823
-1.198078115228678,-2.96918245573764
-1.1983778904438847,-2.9681698892210715
-1.1986752766661,-2.9671566158982845
-1.1989703161827148,-2.9661426550770242
-1.1989757042614708,-2.9661225137500975
-1.198974949428891,-2.966122302806663
-1.1992632464345043,-2.9651283802636637
-1.1995597298547371,-2.964114847644252
-1.1998579267369949,-2.9631018095607633
-1.200154425064067,-2.962088276137402
-1.2004525948433815,-2.9610752358698607
-1.2004584813235435,-2.9610550692629034
-1.2007509716242455,-2.960062343083436
-1.201046562219197,-2.9590485418221637
-1.2013398245492388,-2.9580340534169363
-1.2016307883796231,-2.9570189045783093
-1.2016359314833698,-2.9569987672368043
-1.2019216162124027,-2.9560040343395877
-1.20221030817093,-2.9549882396312475
-1.2022153341091977,-2.954968031963518
-1.2024988189093453,-2.9539726679830385
-1.2027859588840573,-2.9529564599950606
-1.2030749129878935,-2.9519407329718415
-1.2033622689749721,-2.950924577804423
-1.2036520700165347,-2.949909114343778
-1.203943624678355,-2.9488941495025554
-1.2042334965868238,-2.9478787097577985
-1.2045257429411056,-2.9468639482469894
-1.2048203601104668,-2.945849870062079
-1.2051173064167304,-2.9448364697856615
-1.2054158732508047,-2.9438235644447204
-1.205421367924664,-2.9438032545930115
-1.2057094440998417,-2.942809264087779
-1.2060004181493635,-2.941794136136607
-1.2062896913139363,-2.940778523415705
-1.2065806897216904,-2.9397633966379315
-1.206870019193635,-2.9387478032787087
-1.2071610643218742,-2.937732694831124
-1.2074497607314643,-2.936716913277936
-1.2077361037094907,-2.935700463588182
-1.2080201273248359,-2.9346833618795194
-1.208302523711814,-2.933665834511355
-1.2085867264587211,-2.9326487880014858
-1.2088686403487925,-2.9316311026791477
-1.2091482479714892,-2.930612779525424
-1.2094255732394097,-2.9295938312373533
-1.2097012991952711,-2.928574481735482
-1.2099788632274184,-2.9275556035274164
-1.2102548213672857,-2.92653631142095
-1.2105332378991844,-2.925517681541856
-1.210538136637372,-2.92549720004171
-1.210810674273609,-2.924498857919133
-1.2110858106216986,-2.9234793224959894
-1.211359261814717,-2.922459339287332
-1.2116351416211872,-2.921440006802617
-1.2119127620086414,-2.9204211461967295
-1.2121880029207186,-2.919401637091816
-1.2124615348003058,-2.9183816805356964
-1.2127374784848766,-2.917362369757401
-1.2130151511822287,-2.916343529141492
-1.2132911055746995,-2.9153242225587532
-1.2132967993723984,-2.91530395734837
-1.2135715232479678,-2.9143060154956455
-1.2138489155518515,-2.913287091615902
-1.2141246095098879,-2.912267710041346
-1.214402718195451,-2.9112489816717426
-1.2146825559397751,-2.9102307278383734
-1.2149606815592233,-2.9092120076474997
-1.2152404958219514,-2.9081937498328854
-1.2152459992602171,-2.908173432838754
-1.215520517092059,-2.907175493829072
-1.2157984195926632,-2.906156719015594
-1.2160780540967329,-2.9051383990324777
-1.216356017699536,-2.904119633145464
-1.2166357024289878,-2.9031013329393933
-1.2169137046921048,-2.9020825809555713
-1.2171934216211109,-2.90106429365224
-1.2174714486374105,-2.9000455505496863
-1.21775118612617,-2.8990272714647807
-1.2180292289029995,-2.8980085340037096
-1.2183096516820922,-2.8969904454860163
-1.2185924515189628,-2.8959730114121034
-1.2188769122844059,-2.894956052264031
-1.2191589370845373,-2.8939384087073057
-1.2194385372727854,-2.892920091422509
-1.2197157601517699,-2.891901120834675
-1.2199906437209513,-2.8908815141313955
-1.2202638843025768,-2.8898614909143006
-1.220539595651539,-2.8888421260202177
-1.2205444272550792,-2.888821625702266
-1.2208143335459583,-2.887822560681978
-1.2210874618574807,-2.8868024968644614
-1.2213629889379585,-2.885783064121368
-1.2216409082120154,-2.884764278990518
-1.221920497439052,-2.8837459624768518
-1.2221983307837925,-2.8827271593259503
-1.2224778145868898,-2.881708814363836
-1.2227548876612537,-2.8806898063074753
-1.2230302270287758,-2.879670335800983
-1.2233079565376639,-2.878651509982962
-1.2235880718223855,-2.8776333340862923
-1.22387053030278,-2.8766158032856635
-1.2241552974211318,-2.87559891443322
-1.2244423452020314,-2.8745826658154385
-1.2247309738807637,-2.8735668905137377
-1.2250177840238943,-2.872550579499343
-1.225306186306171,-2.871534734584914
-1.2255921408716022,-2.8705181910434865
-1.225875662306372,-2.8695009607186703
-1.2261574678529163,-2.8684832636567976
-1.2264416739081307,-2.8674662294287683
-1.226728273383327,-2.8664498627796053
-1.2270165485891935,-2.865433978789832
-1.2270216844448067,-2.8654135682048327
-1.2272997305105189,-2.864416723715503
-1.2273051995382012,-2.864396403586665
-1.2275829858475198,-2.8633992262246823
-1.22786424346154,-2.8623813667646134
-1.228147240471842,-2.8613639697444713
-1.2284279040102786,-2.860345926897749
-1.2287062254075587,-2.859327241712716
-1.2289822356628295,-2.858307928554874
-1.2292559596025112,-2.8572879997669203
-1.2292606785070577,-2.857267573836999
-1.2295294849967022,-2.856268166450792
-1.2298009730615425,-2.855247640783546
-1.2300702038372509,-2.854226507855725
-1.2303378609797775,-2.8532050009998775
-1.2306073743866248,-2.8521839535158486
-1.2308746263629362,-2.851162312239501
-1.2311402616867801,-2.8501402799310624
-1.2314083937392288,-2.8491188934218084
-1.231678997790836,-2.848098153709665
-1.2319513398078703,-2.847077876160661
-1.2322219658642093,-2.8460571431175077
-1.232494286671455,-2.8450368603528102
-1.2327648942538043,-2.8440161234946837
-1.2330378739432175,-2.842996014851136
-1.2333125500421442,-2.841976368387517
-1.2335854801684607,-2.840956247966325
-1.2335911848593086,-2.8409359821224265
-1.23359168240723,-2.840936138798222
-1.2338663071205542,-2.839938336175087
-1.234148028126054,-2.8389206076165365
-1.2341537449822477,-2.8389003269683846
-1.234430066595583,-2.8379028619081192
-1.2344355162489273,-2.837882518529196
-1.2347116257235569,-2.8368850203097984
-1.2347161764479293,-2.836864417874678
-1.2349876644462299,-2.835865960013579
-1.2352575954258773,-2.8348669879295336
-1.2355345622427305,-2.833847997717081
-1.2358091424339102,-2.8328283373835434
-1.2358136152250312,-2.83280776157434
-1.23607909951479,-2.8318075138271053
-1.2363515676944878,-2.8307872764820488
-1.236621672723914,-2.8297663950094827
-1.2368894063953788,-2.8287448860989457
-1.2371548042300033,-2.8277227661362727
-1.2374178947873646,-2.826700048804013
-1.237679377212272,-2.825676949189314
-1.237942684337155,-2.824654293221099
-1.238203702897178,-2.8236310490777248
-1.2384624129648378,-2.822607217349239
-1.2387195083251845,-2.8215830086368885
-1.2387234724384637,-2.821562305695664
-1.2389753144855238,-2.8205585231898667
-1.2392299902914456,-2.819533702753979
-1.2394864429689598,-2.818509300508171
-1.2397412417805553,-2.8174845003917595
-1.2399984725136832,-2.8164603046623333
-1.2402581246200828,-2.815436717126662
-1.240520150541179,-2.8144137326234233
-1.2407845117840641,-2.8133913477356076
-1.2410511772707502,-2.812369560533594
-1.2413201218938796,-2.811348370310065
-1.2415906441021751,-2.8103276252841174
-1.2418593317067472,-2.809306372863039
-1.2421302902529032,-2.8082857195147644
-1.2424035399133955,-2.8072656757418946
-1.2426783785776179,-2.8062460846659802
-1.2429513934288572,-2.8052259824317276
-1.2432266847952287,-2.8042064906622235
-1.2435042713247255,-2.803187619673709
-1.2437834508900338,-2.8021692086029297
-1.2440601376248923,-2.8011501091645337
-1.2440656702810045,-2.8011297920659515
-1.244337812137715,-2.8001313195619977
-1.2446177091087742,-2.799113084279169
-1.2448992701645534,-2.79809530994122
-1.2451783954795537,-2.7970768605375076
-1.2451831384960363,-2.797056336551903
-1.2454530586849426,-2.796057241854588
-1.245730665389907,-2.795038376704105
-1.2460099588245428,-2.794019971568106
-1.24628683320682,-2.7930009031186227
-1.2465612960665406,-2.7919811804637353
-1.2468340641135218,-2.7909610182929647
-1.2471085818079897,-2.789941315810096
-1.2473807604116518,-2.7889209843111122
-1.2476512614141564,-2.7879002246258846
-1.24792420434969,-2.7868801101109884
-1.2481995751160009,-2.785860643925014
-1.2484766482784044,-2.7848416452235547
-1.2487519825519873,-2.7838221709410074
-1.2490289885230699,-2.7828031531180164
-1.249033779550096,-2.782782639863021
-1.2493016261346608,-2.7817829829158094
-1.2495764268479632,-2.780763365967377
-1.2498488359849969,-2.779743092942893
-1.249848686225766,-2.7797427201770324
-1.250114355023295,-2.7787425335859917
-1.2503877454907184,-2.7777225454585546
-1.2506628433795624,-2.7767030088181066
-1.250935534195229,-2.775682820609
-1.2509407688152858,-2.7756624337232743
-1.2512083190631755,-2.7746627047203787
-1.2514791233286926,-2.7736420231255905
-1.2517523568561215,-2.7726219745183944
-1.2520273277209772,-2.7716023933184037
-1.2522999171380198,-2.7705821704175206
-1.2525707983728593,-2.769561504919062
-1.252844092758953,-2.768541479307681
-1.2531191158481567,-2.767521920020309
-1.2533917471361213,-2.7665017144893533
-1.2536626595466394,-2.765481060817184
-1.2539359787546116,-2.7644610447341647
-1.2542110230796624,-2.763441494317097
-1.2544836713093526,-2.7624212957699044
-1.254754596250437,-2.7614006468446766
-1.2550279253799015,-2.7603806345658617
-1.2550336161382325,-2.760360366631627
-1.2553057949029482,-2.7593617158429815
-1.2555812535559399,-2.7583422762785443
-1.2558584033236417,-2.7573232839727746
-1.256133173795283,-2.7563036450557608
-1.2564055645329346,-2.7552833660750227
-1.2566756132643107,-2.754262463616368
-1.2569433502587777,-2.7532409517920398
-1.2572094677828864,-2.752219046710211
-1.257478080955776,-2.751197788083734
-1.2577484928570855,-2.7501769931585285
-1.2580165601982676,-2.7491555768131115
-1.2582822746068547,-2.748133543185781
-1.2585456676351572,-2.7471109069781883
-1.25880676461288,-2.7460876808277845
-1.259066252930912,-2.7450640772444244
-1.2593275838749298,-2.7440409157469356
-1.259586631217208,-2.7430171717619283
-1.2598440422551611,-2.741993041406338
-1.2598489288478696,-2.7419725830395594
-1.2601064479557977,-2.740970243032132
-1.2603708740734838,-2.7399478826719204
-1.2606329363135698,-2.73892490008674
-1.2606378133837146,-2.738904570111811
-1.2608957449584495,-2.7379023408045122
-1.2611612848447369,-2.7368802648161132
-1.2614292323092315,-2.7358588048962273
-1.2616995368575692,-2.7348379663445783
-1.2619721623471798,-2.733817745824348
-1.2622463975169922,-2.7327979799304014
-1.262518829326946,-2.7317777153877008
-1.2627935523598057,-2.730758064947501
-1.2630705821718762,-2.7297390379472435
-1.263076724771473,-2.7297188834772643
-1.26335233491831,-2.7287209432066732
-1.2636312165154804,-2.7277024282355176
-1.263911725708463,-2.726684359608733
-1.2641904886078488,-2.7256658073562137
-1.2644715829672173,-2.7246478951518798
-1.2647543378876527,-2.7236304555463815
-1.264754573429098,-2.7236301905399967
-1.2650295278401704,-2.7226325022618645
-1.265307816464278,-2.721613846336168
-1.2655884856144577,-2.7205958268449275
-1.265870853113576,-2.7195782807275286
-1.2661514914094871,-2.7185602534234348
-1.266156635434551,-2.718539853346999
-1.2664321236914609,-2.717542241297338
-1.2667152642094883,-2.716524898830805
-1.2670007263207461,-2.7155081935954155
-1.2672884747186515,-2.7144921337563743
-1.2675778041274741,-2.713476549344964
-1.2678653233973576,-2.712460432684315
-1.2681544348318723,-2.7114447838753417
-1.2684417758277022,-2.710428622445342
-1.2687307474976155,-2.709412932354918
-1.2690179745829329,-2.7083967423153474
-1.269307529835519,-2.707381210694775
-1.2695994196931701,-2.70636634516697
-1.2698936104635383,-2.7053521425084575
-1.2701900747090282,-2.704338600880503
-1.2704887901470836,-2.7033257196381646
-1.2707897386519136,-2.702313499116499
-1.2710922294034583,-2.701301769189403
-1.2713922136260254,-2.7002892839040626
-1.2716903882319275,-2.699276253608751
-1.2719901953118207,-2.698263712053037
-1.2722875973680432,-2.6972504554862042
-1.2725826021848445,-2.6962364935744265
-1.272588145443864,-2.696216191580738
-1.2728783307723588,-2.6952228338706097
-1.2731761092286384,-2.6942096833741553
-1.2734722251263844,-2.6931960438737956
-1.2737700481810847,-2.6921828997606543
-1.2740661938077897,-2.6911692724361678
-1.2743640421858031,-2.6901561399381513
-1.2746602071027207,-2.6891425207157074
-1.274958071919261,-2.6881293957194496
-1.2752542493386385,-2.687115781706687
-1.2755521247676076,-2.6861026615307235
-1.2758483102416065,-2.68508905085537
-1.276146192482279,-2.684075933767657
-1.2764417163421742,-2.683062122149383
-1.276734879844859,-2.6820476221325564
-1.277026382834245,-2.681032663940934
-1.27702629025237,-2.681032310731551
-1.2773147636879876,-2.6800384528973225
-1.2776107306377373,-2.6790247910434077
-1.2779050120918471,-2.67801062815118
-1.278200981150302,-2.6769969528205126
-1.2784952573512602,-2.675982787663399
-1.2787918953841866,-2.6749693066956555
-1.2790908937038103,-2.6739565158853464
-1.2793922123147314,-2.672944410343639
-1.279695818751039,-2.6719329868752935
-1.2800010121459529,-2.670922063944156
-1.2803044075273413,-2.6699105811663246
-1.280609396088644,-2.6688995914250824
-1.2809126246969065,-2.66788806176409
-1.2812181516222703,-2.6668772213554206
-1.2815259869685265,-2.6658670790215484
-1.2818354281823854,-2.6648574466002146
-1.2821424186067765,-2.6638470586858203
-1.282447641940978,-2.662836132672326
-1.2827551962105674,-2.661825909850755
-1.282755653788597,-2.661825722665526
-1.2830597751182535,-2.660836490472935
-1.2833714788958321,-2.659827565533717
-1.2836807651804054,-2.6588178767269945
-1.2839876409671458,-2.6578074466182127
-1.2842921539831067,-2.656796297814801
-1.2845943426029192,-2.655784448964825
-1.2848942374025152,-2.654771915802467
-1.2851918626531633,-2.6537587117520425
-1.285487898386654,-2.6527450749928088
-1.2857864252096962,-2.6517321609925744
-1.2860867494369257,-2.6507197639905478
-1.2863854228410254,-2.649706889853416
-1.2866864919510428,-2.6486947200527258
-1.286989278975689,-2.6476830628867942
-1.2872903589863156,-2.646670896085545
-1.2875937845396044,-2.6456594261997988
-1.287899556273806,-2.6446486596948473
-1.2882076360418913,-2.6436385918427665
-1.2885173209703478,-2.642629034832639
-1.2888245545168322,-2.6416187215240226
-1.2891293542735405,-2.640607665329236
-1.2894324362681178,-2.63959609993373
-1.2894385652414533,-2.639575967706489
-1.2897406249597245,-2.6385861276057647
-1.290051103060031,-2.6375767962328904
-1.2903632336107962,-2.63656797596034
-1.2906729518313351,-2.635558408226714
-1.2909809358523474,-2.6345483144033968
-1.2912912717662761,-2.633538938200989
-1.2916032881312491,-2.632530087055979
-1.2919129149047928,-2.63152049528979
-1.2922208227435306,-2.6305103845710227
-1.2925304314737547,-2.629500788926494
-1.2928376983144105,-2.628490474392083
-1.293143282320272,-2.627479663408413
-1.2934512679657422,-2.6264695764807042
-1.2937609774323136,-2.6254600155800776
-1.2940689904509401,-2.624449937008051
-1.2943786838241078,-2.623440371139491
-1.294686683377362,-2.622430289022607
-1.2946930016506704,-2.622410219187798
-1.2949998354282621,-2.6214218384165076
-1.2953151636629625,-2.6204140105504314
-1.295632129256778,-2.6194067003706962
-1.2959473474505674,-2.6183988329566716
-1.2962648558814438,-2.6173916841843075
-1.2965846643238683,-2.616385262524324
-1.2969060700809716,-2.6153793711125224
-1.2972257026948566,-2.614372899364875
-1.2975469324020747,-2.6133669492662963
-1.297866421270565,-2.612360436082194
-1.2981875380833405,-2.6113544483743243
-1.2985062707338697,-2.6103476973906536
-1.2988232875647714,-2.609340410593352
-1.2991420009186236,-2.608333654149536
-1.2994590407058224,-2.607326374420219
-1.2997784368654717,-2.606319835183895
-1.2997844333213953,-2.606299684194797
-1.299784990518276,-2.606299880105369
-1.3001004111738748,-2.6053141860454776
-1.3001072089027979,-2.605294273180141
-1.3004266228820618,-2.6043095388146074
-1.3007503149440847,-2.603304358215949
-1.3010763227573905,-2.6022999160259372
-1.301404648609019,-2.601296230332455
-1.3017352568955207,-2.6002932956492186
-1.3020674443831828,-2.599290907404142
-1.3023978630795874,-2.5982879193181767
-1.302730534833698,-2.5972856762342382
-1.3030654746045887,-2.5962841882681365
-1.3034019859239532,-2.595283251629452
-1.303736054915037,-2.5942814900248234
-1.3040677013561641,-2.5932789181495886
-1.3043976385444902,-2.592275788374669
-1.3044036394609566,-2.592255635442996
-1.3047274534314302,-2.591272636654998
-1.3050599540480006,-2.5902703433486476
-1.3053940918169622,-2.589268597077928
-1.3057258320644713,-2.588266050091099
-1.3060558488415377,-2.587262938243532
-1.3063881999407954,-2.5862605950424475
-1.3063944942782646,-2.5862405388852183
-1.3067197549543732,-2.5852580765706943
-1.3067263540104315,-2.5852381051196525
-1.307052051541632,-2.5842557626233864
-1.3073866395779932,-2.583254153966341
-1.3077228723287557,-2.5822530984873264
-1.3077297111035309,-2.5822331857920373
-1.3080594189714605,-2.581251944108326
-1.3083930010169569,-2.5802499987141134
-1.3087249259363158,-2.5792475096202487
-1.3090592329751567,-2.578245810827514
-1.3093959110947033,-2.5772449051914337
-1.3097349130005547,-2.5762447835251274
-1.3100762003003676,-2.575245439123999
-1.3100835650232967,-2.5752257397836917
-1.3104228761237695,-2.574247977940259
-1.310771173689084,-2.5732510557897337
-1.311121698218559,-2.572254904164507
-1.311474423566239,-2.5712595316534226
-1.3118293337527434,-2.5702649380487577
-1.3121864158107865,-2.5692711238059895
-1.3125456590809883,-2.5682780901599775
-1.3129070547444404,-2.567285838989304
-1.3132699273665451,-2.566294165341593
-1.313630983698082,-2.5653017979311876
-1.313994215398648,-2.564310224346688
-1.3143596481688973,-2.563319458939357
-1.3147272645924977,-2.5623295011112064
-1.3150963864397698,-2.5613401356792935
-1.315463716769943,-2.560350076893877
-1.3158332362714653,-2.5593608318878838
-1.3162049668045133,-2.558372414058923
-1.3165788879342228,-2.5573848217833737
-1.3169549827897307,-2.556398054511426
-1.3173325758830077,-2.555411891967348
-1.3177077241662543,-2.554424786942892
-1.318080454523886,-2.553436758632363
-1.3184514755737504,-2.5524480878897533
-1.318824793043497,-2.5514602777466395
-1.3191997525002768,-2.5504730958441817
-1.3195723702434623,-2.5494850215171896
-1.319942652457133,-2.548496064679615
-1.3199497329051644,-2.548476275703329
-1.320313632329409,-2.547507461236083
-1.3203211325429978,-2.5474878138043007
-1.3203207998771602,-2.5474876972592995
-1.3206868404122807,-2.5465196660208456
-1.3210581967224857,-2.545531106691518
-1.3214312148176808,-2.5445431579915283
-1.3218019483340757,-2.543554350108557
-1.3218090338738129,-2.543534650582462
-1.3221726753899918,-2.542565608407255
-1.3225410174407355,-2.5415759085578244
-1.3229071234218115,-2.540585369632721
-1.3232716653298717,-2.539594288625592
-1.3236379761050603,-2.538603837142868
-1.3240020685302625,-2.537612568502263
-1.3243639230122692,-2.5366204808802753
-1.3247235606149164,-2.5356275877964984
-1.3250809981124678,-2.534633900947812
-1.325087343706634,-2.5346142885591756
-1.3254388591664041,-2.5336409039886263
-1.3257999534219178,-2.532648563961065
-1.32616278959142,-2.5316568390752034
-1.326523998580521,-2.5306645315349936
-1.3268868844037567,-2.529672830646074
-1.327247476482456,-2.528680291175656
-1.3276057693201688,-2.5276869174755614
-1.3279624454690793,-2.526692985228198
-1.3283215153133352,-2.5256999095896484
-1.328682961278346,-2.524707691503949
-1.3290467310451342,-2.5237163195383894
-1.3294121234292922,-2.522725555831218
-1.3297758022074269,-2.521734153251975
-1.3301410853658866,-2.5207433471777967
-1.3305046744837623,-2.5197519140283626
-1.3308705425366505,-2.5187613164974527
-1.331238036269414,-2.517771330965966
-1.3316038200073166,-2.516780704339745
-1.3316114532027918,-2.516761112699569
-1.3319747415945744,-2.5157920317591915
-1.3323476094203937,-2.5148040426225995
-1.332722059533844,-2.5138166592994713
-1.3330947811472431,-2.5128286103060047
-1.333469734249085,-2.511841405744665
-1.3338469309300982,-2.5108550555581486
-1.33422568285773,-2.509869323861872
-1.3346026914109808,-2.5088829077700217
-1.3349819154217888,-2.5078973401152727
-1.3353633695011915,-2.506912631974489
-1.3357470275529548,-2.505928779474376
-1.3361328681867501,-2.5049457802457473
-1.3365208739084624,-2.5039636332151636
-1.3369103713050587,-2.5029821087829442
-1.337298090432519,-2.50199985413555
-1.337687325499843,-2.501018218598881
-1.3380741799917086,-2.5000356346543606
-1.3384586703665033,-2.499052117012315
-1.3388414913959314,-2.4980679570035766
-1.3388485470651852,-2.4980481687830287
-1.3392260518990693,-2.49707889260108
-1.3396106897200863,-2.4960954342132458
-1.3399930146495502,-2.4951110606157014
-1.3403730248358567,-2.494125788742072
-1.340751406638361,-2.4931399094611493
-1.3411321404847334,-2.492154931767948
-1.3411399481535924,-2.492135410949487
-1.34113971319831,-2.492135339735522
-1.34151571514992,-2.4911711062068953
-1.3419008634941199,-2.4901878413851435
-1.34228435045357,-2.4892039152111725
-1.3426694397923147,-2.4882206206968864
-1.343052869253627,-2.487236679995874
-1.3430600686442253,-2.4872169462365097
-1.3434380778328792,-2.4862477884484298
-1.34382387961428,-2.4852647713741614
-1.3438314396491975,-2.485245172995054
-1.3442119270130755,-2.4842763721843104
-1.3445999603382126,-2.4832942255364023
-1.344990200422407,-2.482312946291557
-1.3449987471141631,-2.4822937008604025
-1.3453866230840332,-2.481329376977741
-1.3457786531414975,-2.480348826373951
-1.3461728970366682,-2.4793691548930132
-1.3465687049546908,-2.478390133836278
-1.346962804587706,-2.4774104139160493
-1.3473584650169887,-2.4764313350784657
-1.3473658058585023,-2.476411647830013
-1.3477528105695464,-2.475443597203346
-1.3481468495081115,-2.4744638556669916
-1.348543141684112,-2.4734850138913864
-1.3489409910741106,-2.4725068244929047
-1.3489492186613348,-2.4724874593699444
-1.3493411686167887,-2.4715237773755496
-1.3497364044097708,-2.470544517438
-1.350130000399349,-2.469564601509571
-1.350137938351155,-2.4695451280772676
-1.3505285152935196,-2.4685867230919545
-1.3509293023387998,-2.4676097213416854
-1.351332349291834,-2.4666336382338026
-1.3517376141739055,-2.4656584752554895
-1.3521450686592265,-2.464684226713975
-1.3525546898170473,-2.4637108886020034
-1.3529661661952328,-2.4627382639973967
-1.3533777950234407,-2.4617657967399933
-1.35379156608244,-2.460794235553263
-1.3542074834687299,-2.459823588225907
-1.354624878477076,-2.4588536050171337
-1.3550405218282626,-2.4578828423825505
-1.3554583139571839,-2.45691300024608
-1.3558782754852403,-2.4559440930933785
-1.3558873295681315,-2.4559251419085433
-1.3558881797265165,-2.455925533840782
-1.3563063033823568,-2.454978766681403
-1.3567349512283862,-2.454013663338867
-1.3571657556819918,-2.4530495094421463
-1.35717508260968,-2.4530306712635532
-1.357606664307093,-2.4520746180181057
-1.3580393140645577,-2.4511113014094623
-1.3586985340114088,-2.4508301198993556
